timestamp,무역수지,price(원/kg),total_value
2019-01-01,5.548387097,0.0,5.548387097
2019-01-02,5.548387097,0.0,5.548387097
2019-01-03,5.548387097,19440.0,19445.548387097
2019-01-04,5.548387097,17067.0,17072.548387097
2019-01-05,5.548387097,16448.0,16453.548387097
2019-01-06,5.548387097,0.0,5.548387097
2019-01-07,5.548387097,16996.0,17001.548387097
2019-01-08,5.548387097,16092.0,16097.548387097
2019-01-09,5.548387097,15978.0,15983.548387097
2019-01-10,5.548387097,16180.0,16185.548387097
2019-01-11,5.548387097,15715.0,15720.548387097
2019-01-12,5.548387097,16030.0,16035.548387097
2019-01-13,5.548387097,0.0,5.548387097
2019-01-14,5.548387097,18535.0,18540.548387097
2019-01-15,5.548387097,17009.0,17014.548387097
2019-01-16,5.548387097,15699.0,15704.548387097
2019-01-17,5.548387097,16934.0,16939.548387097
2019-01-18,5.548387097,16258.0,16263.548387097
2019-01-19,5.548387097,17089.0,17094.548387097
2019-01-20,5.548387097,0.0,5.548387097
2019-01-21,5.548387097,21879.0,21884.548387097
2019-01-22,5.548387097,21984.0,21989.548387097
2019-01-23,5.548387097,20565.0,20570.548387097
2019-01-24,5.548387097,20288.0,20293.548387097
2019-01-25,5.548387097,20805.0,20810.548387097
2019-01-26,5.548387097,22315.0,22320.548387097
2019-01-27,5.548387097,0.0,5.548387097
2019-01-28,5.548387097,23074.0,23079.548387097
2019-01-29,5.548387097,21239.0,21244.548387097
2019-01-30,5.548387097,18540.0,18545.548387097
2019-01-31,5.548387097,18310.0,18315.548387097
2019-02-01,1.178571429,20307.0,20308.178571429
2019-02-02,1.178571429,21434.0,21435.178571429
2019-02-03,1.178571429,0.0,1.178571429
2019-02-04,1.178571429,22597.0,22598.178571429
2019-02-05,1.178571429,0.0,1.178571429
2019-02-06,1.178571429,0.0,1.178571429
2019-02-07,1.178571429,0.0,1.178571429
2019-02-08,1.178571429,18336.0,18337.178571429
2019-02-09,1.178571429,22966.0,22967.178571429
2019-02-10,1.178571429,0.0,1.178571429
2019-02-11,1.178571429,24381.0,24382.178571429
2019-02-12,1.178571429,24239.0,24240.178571429
2019-02-13,1.178571429,27972.0,27973.178571429
2019-02-14,1.178571429,26205.0,26206.178571429
2019-02-15,1.178571429,25887.0,25888.178571429
2019-02-16,1.178571429,24306.0,24307.178571429
2019-02-17,1.178571429,0.0,1.178571429
2019-02-18,1.178571429,25303.0,25304.178571429
2019-02-19,1.178571429,23861.0,23862.178571429
2019-02-20,1.178571429,26431.0,26432.178571429
2019-02-21,1.178571429,27742.0,27743.178571429
2019-02-22,1.178571429,29043.0,29044.178571429
2019-02-23,1.178571429,27263.0,27264.178571429
2019-02-24,1.178571429,0.0,1.178571429
2019-02-25,1.178571429,30440.0,30441.178571429
2019-02-26,1.178571429,30676.0,30677.178571429
2019-02-27,1.178571429,31540.0,31541.178571429
2019-02-28,1.178571429,34638.0,34639.178571429
2019-03-01,-0.064516129,36530.0,36529.935483871
2019-03-02,-0.064516129,36102.0,36101.935483871
2019-03-03,-0.064516129,0.0,-0.064516129
2019-03-04,-0.064516129,39461.0,39460.935483871
2019-03-05,-0.064516129,43882.0,43881.935483871
2019-03-06,-0.064516129,45658.0,45657.935483871
2019-03-07,-0.064516129,36693.0,36692.935483871
2019-03-08,-0.064516129,39842.0,39841.935483871
2019-03-09,-0.064516129,40711.0,40710.935483871
2019-03-10,-0.064516129,0.0,-0.064516129
2019-03-11,-0.064516129,39670.0,39669.935483871
2019-03-12,-0.064516129,38620.0,38619.935483871
2019-03-13,-0.064516129,39724.0,39723.935483871
2019-03-14,-0.064516129,34310.0,34309.935483871
2019-03-15,-0.064516129,33373.0,33372.935483871
2019-03-16,-0.064516129,29440.0,29439.935483871
2019-03-17,-0.064516129,0.0,-0.064516129
2019-03-18,-0.064516129,38094.0,38093.935483871
2019-03-19,-0.064516129,39231.0,39230.935483871
2019-03-20,-0.064516129,36896.0,36895.935483871
2019-03-21,-0.064516129,41721.0,41720.935483871
2019-03-22,-0.064516129,41250.0,41249.935483871
2019-03-23,-0.064516129,34895.0,34894.935483871
2019-03-24,-0.064516129,0.0,-0.064516129
2019-03-25,-0.064516129,34433.0,34432.935483871
2019-03-26,-0.064516129,35537.0,35536.935483871
2019-03-27,-0.064516129,45656.0,45655.935483871
2019-03-28,-0.064516129,40332.0,40331.935483871
2019-03-29,-0.064516129,35027.0,35026.935483871
2019-03-30,-0.064516129,29176.0,29175.935483871
2019-03-31,-0.064516129,0.0,-0.064516129
2019-04-01,-0.9,42260.0,42259.1
2019-04-02,-0.9,39011.0,39010.1
2019-04-03,-0.9,36951.0,36950.1
2019-04-04,-0.9,37100.0,37099.1
2019-04-05,-0.9,43525.0,43524.1
2019-04-06,-0.9,35924.0,35923.1
2019-04-07,-0.9,0.0,-0.9
2019-04-08,-0.9,25228.0,25227.1
2019-04-09,-0.9,30197.0,30196.1
2019-04-10,-0.9,38497.0,38496.1
2019-04-11,-0.9,43713.0,43712.1
2019-04-12,-0.9,50273.0,50272.1
2019-04-13,-0.9,25025.0,25024.1
2019-04-14,-0.9,0.0,-0.9
2019-04-15,-0.9,32025.0,32024.1
2019-04-16,-0.9,28109.0,28108.1
2019-04-17,-0.9,25528.0,25527.1
2019-04-18,-0.9,31872.0,31871.1
2019-04-19,-0.9,36086.0,36085.1
2019-04-20,-0.9,17221.0,17220.1
2019-04-21,-0.9,0.0,-0.9
2019-04-22,-0.9,27180.0,27179.1
2019-04-23,-0.9,40933.0,40932.1
2019-04-24,-0.9,38096.0,38095.1
2019-04-25,-0.9,44049.0,44048.1
2019-04-26,-0.9,35006.0,35005.1
2019-04-27,-0.9,21154.0,21153.1
2019-04-28,-0.9,0.0,-0.9
2019-04-29,-0.9,36462.0,36461.1
2019-04-30,-0.9,39767.0,39766.1
2019-05-01,0.677419355,46108.0,46108.677419355
2019-05-02,0.677419355,33337.0,33337.677419355
2019-05-03,0.677419355,37361.0,37361.677419355
2019-05-04,0.677419355,52881.0,52881.677419355
2019-05-05,0.677419355,0.0,0.677419355
2019-05-06,0.677419355,58959.0,58959.677419355
2019-05-07,0.677419355,65298.0,65298.677419355
2019-05-08,0.677419355,61952.0,61952.677419355
2019-05-09,0.677419355,62853.0,62853.677419355
2019-05-10,0.677419355,80100.0,80100.677419355
2019-05-11,0.677419355,63657.0,63657.677419355
2019-05-12,0.677419355,0.0,0.677419355
2019-05-13,0.677419355,58198.0,58198.677419355
2019-05-14,0.677419355,72130.0,72130.677419355
2019-05-15,0.677419355,64448.0,64448.677419355
2019-05-16,0.677419355,62215.0,62215.677419355
2019-05-17,0.677419355,74097.0,74097.677419355
2019-05-18,0.677419355,55933.0,55933.677419355
2019-05-19,0.677419355,0.0,0.677419355
2019-05-20,0.677419355,55292.0,55292.677419355
2019-05-21,0.677419355,62019.0,62019.677419355
2019-05-22,0.677419355,52743.0,52743.677419355
2019-05-23,0.677419355,58466.0,58466.677419355
2019-05-24,0.677419355,64068.0,64068.677419355
2019-05-25,0.677419355,62793.0,62793.677419355
2019-05-26,0.677419355,0.0,0.677419355
2019-05-27,0.677419355,59608.0,59608.677419355
2019-05-28,0.677419355,66874.0,66874.677419355
2019-05-29,0.677419355,57050.0,57050.677419355
2019-05-30,0.677419355,62761.0,62761.677419355
2019-05-31,0.677419355,63593.0,63593.677419355
2019-06-01,0.7,62165.0,62165.7
2019-06-02,0.7,0.0,0.7
2019-06-03,0.7,70093.0,70093.7
2019-06-04,0.7,62591.0,62591.7
2019-06-05,0.7,62771.0,62771.7
2019-06-06,0.7,55047.0,55047.7
2019-06-07,0.7,61402.0,61402.7
2019-06-08,0.7,52080.0,52080.7
2019-06-09,0.7,0.0,0.7
2019-06-10,0.7,60185.0,60185.7
2019-06-11,0.7,58211.0,58211.7
2019-06-12,0.7,60826.0,60826.7
2019-06-13,0.7,59431.0,59431.7
2019-06-14,0.7,63958.0,63958.7
2019-06-15,0.7,55831.0,55831.7
2019-06-16,0.7,0.0,0.7
2019-06-17,0.7,60875.0,60875.7
2019-06-18,0.7,61001.0,61001.7
2019-06-19,0.7,55303.0,55303.7
2019-06-20,0.7,55154.0,55154.7
2019-06-21,0.7,57553.0,57553.7
2019-06-22,0.7,58151.0,58151.7
2019-06-23,0.7,0.0,0.7
2019-06-24,0.7,59504.0,59504.7
2019-06-25,0.7,57265.0,57265.7
2019-06-26,0.7,56956.0,56956.7
2019-06-27,0.7,55313.0,55313.7
2019-06-28,0.7,49839.0,49839.7
2019-06-29,0.7,43456.0,43456.7
2019-06-30,0.7,0.0,0.7
2019-07-01,0.870967742,58180.0,58180.870967742
2019-07-02,0.870967742,49890.0,49890.870967742
2019-07-03,0.870967742,41876.0,41876.870967742
2019-07-04,0.870967742,53993.0,53993.870967742
2019-07-05,0.870967742,48680.0,48680.870967742
2019-07-06,0.870967742,63519.0,63519.870967742
2019-07-07,0.870967742,0.0,0.870967742
2019-07-08,0.870967742,54217.0,54217.870967742
2019-07-09,0.870967742,50804.0,50804.870967742
2019-07-10,0.870967742,48557.0,48557.870967742
2019-07-11,0.870967742,57490.0,57490.870967742
2019-07-12,0.870967742,56362.0,56362.870967742
2019-07-13,0.870967742,45106.0,45106.870967742
2019-07-14,0.870967742,0.0,0.870967742
2019-07-15,0.870967742,55190.0,55190.870967742
2019-07-16,0.870967742,52259.0,52259.870967742
2019-07-17,0.870967742,57814.0,57814.870967742
2019-07-18,0.870967742,47425.0,47425.870967742
2019-07-19,0.870967742,43294.0,43294.870967742
2019-07-20,0.870967742,45186.0,45186.870967742
2019-07-21,0.870967742,0.0,0.870967742
2019-07-22,0.870967742,58747.0,58747.870967742
2019-07-23,0.870967742,58384.0,58384.870967742
2019-07-24,0.870967742,45851.0,45851.870967742
2019-07-25,0.870967742,40611.0,40611.870967742
2019-07-26,0.870967742,42282.0,42282.870967742
2019-07-27,0.870967742,58511.0,58511.870967742
2019-07-28,0.870967742,0.0,0.870967742
2019-07-29,0.870967742,53627.0,53627.870967742
2019-07-30,0.870967742,53387.0,53387.870967742
2019-07-31,0.870967742,53136.0,53136.870967742
2019-08-01,1.0,47850.0,47851.0
2019-08-02,1.0,57155.0,57156.0
2019-08-03,1.0,0.0,1.0
2019-08-04,1.0,0.0,1.0
2019-08-05,1.0,52877.0,52878.0
2019-08-06,1.0,42946.0,42947.0
2019-08-07,1.0,50249.0,50250.0
2019-08-08,1.0,49326.0,49327.0
2019-08-09,1.0,47407.0,47408.0
2019-08-10,1.0,50957.0,50958.0
2019-08-11,1.0,0.0,1.0
2019-08-12,1.0,52464.0,52465.0
2019-08-13,1.0,51549.0,51550.0
2019-08-14,1.0,49038.0,49039.0
2019-08-15,1.0,53530.0,53531.0
2019-08-16,1.0,45603.0,45604.0
2019-08-17,1.0,50967.0,50968.0
2019-08-18,1.0,0.0,1.0
2019-08-19,1.0,52588.0,52589.0
2019-08-20,1.0,51011.0,51012.0
2019-08-21,1.0,52635.0,52636.0
2019-08-22,1.0,45480.0,45481.0
2019-08-23,1.0,49321.0,49322.0
2019-08-24,1.0,48543.0,48544.0
2019-08-25,1.0,0.0,1.0
2019-08-26,1.0,49806.0,49807.0
2019-08-27,1.0,47923.0,47924.0
2019-08-28,1.0,49933.0,49934.0
2019-08-29,1.0,43785.0,43786.0
2019-08-30,1.0,51788.0,51789.0
2019-08-31,1.0,58499.0,58500.0
2019-09-01,1.3,0.0,1.3
2019-09-02,1.3,55946.0,55947.3
2019-09-03,1.3,48536.0,48537.3
2019-09-04,1.3,51463.0,51464.3
2019-09-05,1.3,46646.0,46647.3
2019-09-06,1.3,42695.0,42696.3
2019-09-07,1.3,42535.0,42536.3
2019-09-08,1.3,0.0,1.3
2019-09-09,1.3,48127.0,48128.3
2019-09-10,1.3,44191.0,44192.3
2019-09-11,1.3,40748.0,40749.3
2019-09-12,1.3,47583.0,47584.3
2019-09-13,1.3,0.0,1.3
2019-09-14,1.3,0.0,1.3
2019-09-15,1.3,0.0,1.3
2019-09-16,1.3,48542.0,48543.3
2019-09-17,1.3,50789.0,50790.3
2019-09-18,1.3,51538.0,51539.3
2019-09-19,1.3,44465.0,44466.3
2019-09-20,1.3,40434.0,40435.3
2019-09-21,1.3,38143.0,38144.3
2019-09-22,1.3,0.0,1.3
2019-09-23,1.3,33610.0,33611.3
2019-09-24,1.3,49879.0,49880.3
2019-09-25,1.3,49313.0,49314.3
2019-09-26,1.3,39466.0,39467.3
2019-09-27,1.3,39890.0,39891.3
2019-09-28,1.3,36414.0,36415.3
2019-09-29,1.3,0.0,1.3
2019-09-30,1.3,35409.0,35410.3
2019-10-01,0.451612903,35466.0,35466.451612903
2019-10-02,0.451612903,30685.0,30685.451612903
2019-10-03,0.451612903,22144.0,22144.451612903
2019-10-04,0.451612903,38823.0,38823.451612903
2019-10-05,0.451612903,27985.0,27985.451612903
2019-10-06,0.451612903,0.0,0.451612903
2019-10-07,0.451612903,25073.0,25073.451612903
2019-10-08,0.451612903,25078.0,25078.451612903
2019-10-09,0.451612903,21829.0,21829.451612903
2019-10-10,0.451612903,24662.0,24662.451612903
2019-10-11,0.451612903,20027.0,20027.451612903
2019-10-12,0.451612903,21186.0,21186.451612903
2019-10-13,0.451612903,0.0,0.451612903
2019-10-14,0.451612903,18102.0,18102.451612903
2019-10-15,0.451612903,16813.0,16813.451612903
2019-10-16,0.451612903,15474.0,15474.451612903
2019-10-17,0.451612903,16068.0,16068.451612903
2019-10-18,0.451612903,18421.0,18421.451612903
2019-10-19,0.451612903,19082.0,19082.451612903
2019-10-20,0.451612903,0.0,0.451612903
2019-10-21,0.451612903,17653.0,17653.451612903
2019-10-22,0.451612903,17187.0,17187.451612903
2019-10-23,0.451612903,14103.0,14103.451612903
2019-10-24,0.451612903,12639.0,12639.451612903
2019-10-25,0.451612903,12371.0,12371.451612903
2019-10-26,0.451612903,13002.0,13002.451612903
2019-10-27,0.451612903,0.0,0.451612903
2019-10-28,0.451612903,13785.0,13785.451612903
2019-10-29,0.451612903,13451.0,13451.451612903
2019-10-30,0.451612903,11169.0,11169.451612903
2019-10-31,0.451612903,11670.0,11670.451612903
2019-11-01,63.06666667,12296.0,12359.06666667
2019-11-02,63.06666667,12434.0,12497.06666667
2019-11-03,63.06666667,0.0,63.06666667
2019-11-04,63.06666667,11811.0,11874.06666667
2019-11-05,63.06666667,11941.0,12004.06666667
2019-11-06,63.06666667,11771.0,11834.06666667
2019-11-07,63.06666667,12877.0,12940.06666667
2019-11-08,63.06666667,14175.0,14238.06666667
2019-11-09,63.06666667,14145.0,14208.06666667
2019-11-10,63.06666667,0.0,63.06666667
2019-11-11,63.06666667,13776.0,13839.06666667
2019-11-12,63.06666667,12581.0,12644.06666667
2019-11-13,63.06666667,13800.0,13863.06666667
2019-11-14,63.06666667,13283.0,13346.06666667
2019-11-15,63.06666667,13068.0,13131.06666667
2019-11-16,63.06666667,11756.0,11819.06666667
2019-11-17,63.06666667,0.0,63.06666667
2019-11-18,63.06666667,11921.0,11984.06666667
2019-11-19,63.06666667,12017.0,12080.06666667
2019-11-20,63.06666667,12601.0,12664.06666667
2019-11-21,63.06666667,14194.0,14257.06666667
2019-11-22,63.06666667,15590.0,15653.06666667
2019-11-23,63.06666667,15319.0,15382.06666667
2019-11-24,63.06666667,0.0,63.06666667
2019-11-25,63.06666667,14638.0,14701.06666667
2019-11-26,63.06666667,12953.0,13016.06666667
2019-11-27,63.06666667,12204.0,12267.06666667
2019-11-28,63.06666667,11313.0,11376.06666667
2019-11-29,63.06666667,12486.0,12549.06666667
2019-11-30,63.06666667,12835.0,12898.06666667
2019-12-01,21.38709677,0.0,21.38709677
2019-12-02,21.38709677,14227.0,14248.38709677
2019-12-03,21.38709677,14965.0,14986.38709677
2019-12-04,21.38709677,14236.0,14257.38709677
2019-12-05,21.38709677,13643.0,13664.38709677
2019-12-06,21.38709677,12822.0,12843.38709677
2019-12-07,21.38709677,11271.0,11292.38709677
2019-12-08,21.38709677,0.0,21.38709677
2019-12-09,21.38709677,12424.0,12445.38709677
2019-12-10,21.38709677,10979.0,11000.38709677
2019-12-11,21.38709677,11364.0,11385.38709677
2019-12-12,21.38709677,12103.0,12124.38709677
2019-12-13,21.38709677,13271.0,13292.38709677
2019-12-14,21.38709677,11845.0,11866.38709677
2019-12-15,21.38709677,0.0,21.38709677
2019-12-16,21.38709677,12428.0,12449.38709677
2019-12-17,21.38709677,10758.0,10779.38709677
2019-12-18,21.38709677,11747.0,11768.38709677
2019-12-19,21.38709677,9905.0,9926.38709677
2019-12-20,21.38709677,11141.0,11162.38709677
2019-12-21,21.38709677,13244.0,13265.38709677
2019-12-22,21.38709677,0.0,21.38709677
2019-12-23,21.38709677,12576.0,12597.38709677
2019-12-24,21.38709677,13025.0,13046.38709677
2019-12-25,21.38709677,12882.0,12903.38709677
2019-12-26,21.38709677,13550.0,13571.38709677
2019-12-27,21.38709677,13316.0,13337.38709677
2019-12-28,21.38709677,13448.0,13469.38709677
2019-12-29,21.38709677,0.0,21.38709677
2019-12-30,21.38709677,14479.0,14500.38709677
2019-12-31,21.38709677,14522.0,14543.38709677
2020-01-01,5.935483871,0.0,5.935483871
2020-01-02,5.935483871,0.0,5.935483871
2020-01-03,5.935483871,14417.0,14422.935483871
2020-01-04,5.935483871,14100.0,14105.935483871
2020-01-05,5.935483871,0.0,5.935483871
2020-01-06,5.935483871,14938.0,14943.935483871
2020-01-07,5.935483871,13709.0,13714.935483871
2020-01-08,5.935483871,14886.0,14891.935483871
2020-01-09,5.935483871,14620.0,14625.935483871
2020-01-10,5.935483871,15360.0,15365.935483871
2020-01-11,5.935483871,16159.0,16164.935483871
2020-01-12,5.935483871,0.0,5.935483871
2020-01-13,5.935483871,18387.0,18392.935483871
2020-01-14,5.935483871,16546.0,16551.935483871
2020-01-15,5.935483871,19303.0,19308.935483871
2020-01-16,5.935483871,19913.0,19918.935483871
2020-01-17,5.935483871,19542.0,19547.935483871
2020-01-18,5.935483871,19650.0,19655.935483871
2020-01-19,5.935483871,0.0,5.935483871
2020-01-20,5.935483871,20887.0,20892.935483871
2020-01-21,5.935483871,20465.0,20470.935483871
2020-01-22,5.935483871,18758.0,18763.935483871
2020-01-23,5.935483871,15419.0,15424.935483871
2020-01-24,5.935483871,20453.0,20458.935483871
2020-01-25,5.935483871,0.0,5.935483871
2020-01-26,5.935483871,0.0,5.935483871
2020-01-27,5.935483871,0.0,5.935483871
2020-01-28,5.935483871,18677.0,18682.935483871
2020-01-29,5.935483871,23576.0,23581.935483871
2020-01-30,5.935483871,21256.0,21261.935483871
2020-01-31,5.935483871,16459.0,16464.935483871
2020-02-01,8.620689655,17226.0,17234.620689655
2020-02-02,8.620689655,0.0,8.620689655
2020-02-03,8.620689655,17550.0,17558.620689655
2020-02-04,8.620689655,17109.0,17117.620689655
2020-02-05,8.620689655,16091.0,16099.620689655
2020-02-06,8.620689655,15062.0,15070.620689655
2020-02-07,8.620689655,18011.0,18019.620689655
2020-02-08,8.620689655,17944.0,17952.620689655
2020-02-09,8.620689655,0.0,8.620689655
2020-02-10,8.620689655,20063.0,20071.620689655
2020-02-11,8.620689655,20976.0,20984.620689655
2020-02-12,8.620689655,20278.0,20286.620689655
2020-02-13,8.620689655,18734.0,18742.620689655
2020-02-14,8.620689655,17688.0,17696.620689655
2020-02-15,8.620689655,22599.0,22607.620689655
2020-02-16,8.620689655,0.0,8.620689655
2020-02-17,8.620689655,22757.0,22765.620689655
2020-02-18,8.620689655,22220.0,22228.620689655
2020-02-19,8.620689655,26141.0,26149.620689655
2020-02-20,8.620689655,28057.0,28065.620689655
2020-02-21,8.620689655,29399.0,29407.620689655
2020-02-22,8.620689655,27886.0,27894.620689655
2020-02-23,8.620689655,0.0,8.620689655
2020-02-24,8.620689655,31514.0,31522.620689655
2020-02-25,8.620689655,35344.0,35352.620689655
2020-02-26,8.620689655,32549.0,32557.620689655
2020-02-27,8.620689655,28630.0,28638.620689655
2020-02-28,8.620689655,35866.0,35874.620689655
2020-02-29,8.620689655,28505.0,28513.620689655
2020-03-01,0.225806452,0.0,0.225806452
2020-03-02,0.225806452,38467.0,38467.225806452
2020-03-03,0.225806452,32113.0,32113.225806452
2020-03-04,0.225806452,39252.0,39252.225806452
2020-03-05,0.225806452,40771.0,40771.225806452
2020-03-06,0.225806452,34723.0,34723.225806452
2020-03-07,0.225806452,28216.0,28216.225806452
2020-03-08,0.225806452,0.0,0.225806452
2020-03-09,0.225806452,33330.0,33330.225806452
2020-03-10,0.225806452,33304.0,33304.225806452
2020-03-11,0.225806452,37161.0,37161.225806452
2020-03-12,0.225806452,27826.0,27826.225806452
2020-03-13,0.225806452,31269.0,31269.225806452
2020-03-14,0.225806452,38785.0,38785.225806452
2020-03-15,0.225806452,0.0,0.225806452
2020-03-16,0.225806452,42139.0,42139.225806452
2020-03-17,0.225806452,37657.0,37657.225806452
2020-03-18,0.225806452,46354.0,46354.225806452
2020-03-19,0.225806452,38766.0,38766.225806452
2020-03-20,0.225806452,46723.0,46723.225806452
2020-03-21,0.225806452,44102.0,44102.225806452
2020-03-22,0.225806452,0.0,0.225806452
2020-03-23,0.225806452,49384.0,49384.225806452
2020-03-24,0.225806452,43357.0,43357.225806452
2020-03-25,0.225806452,53601.0,53601.225806452
2020-03-26,0.225806452,49332.0,49332.225806452
2020-03-27,0.225806452,51641.0,51641.225806452
2020-03-28,0.225806452,47306.0,47306.225806452
2020-03-29,0.225806452,0.0,0.225806452
2020-03-30,0.225806452,50291.0,50291.225806452
2020-03-31,0.225806452,53486.0,53486.225806452
2020-04-01,0.0333333333,48076.0,48076.0333333333
2020-04-02,0.0333333333,57478.0,57478.0333333333
2020-04-03,0.0333333333,56754.0,56754.0333333333
2020-04-04,0.0333333333,50330.0,50330.0333333333
2020-04-05,0.0333333333,0.0,0.0333333333
2020-04-06,0.0333333333,48871.0,48871.0333333333
2020-04-07,0.0333333333,51064.0,51064.0333333333
2020-04-08,0.0333333333,55542.0,55542.0333333333
2020-04-09,0.0333333333,47269.0,47269.0333333333
2020-04-10,0.0333333333,46876.0,46876.0333333333
2020-04-11,0.0333333333,54347.0,54347.0333333333
2020-04-12,0.0333333333,0.0,0.0333333333
2020-04-13,0.0333333333,43605.0,43605.0333333333
2020-04-14,0.0333333333,39794.0,39794.0333333333
2020-04-15,0.0333333333,54815.0,54815.0333333333
2020-04-16,0.0333333333,40150.0,40150.0333333333
2020-04-17,0.0333333333,36921.0,36921.0333333333
2020-04-18,0.0333333333,40364.0,40364.0333333333
2020-04-19,0.0333333333,0.0,0.0333333333
2020-04-20,0.0333333333,58685.0,58685.0333333333
2020-04-21,0.0333333333,48071.0,48071.0333333333
2020-04-22,0.0333333333,39633.0,39633.0333333333
2020-04-23,0.0333333333,41237.0,41237.0333333333
2020-04-24,0.0333333333,34054.0,34054.0333333333
2020-04-25,0.0333333333,40172.0,40172.0333333333
2020-04-26,0.0333333333,0.0,0.0333333333
2020-04-27,0.0333333333,49636.0,49636.0333333333
2020-04-28,0.0333333333,54645.0,54645.0333333333
2020-04-29,0.0333333333,56510.0,56510.0333333333
2020-04-30,0.0333333333,54567.0,54567.0333333333
2020-05-01,0.580645161,69896.0,69896.580645161
2020-05-02,0.580645161,42992.0,42992.580645161
2020-05-03,0.580645161,0.0,0.580645161
2020-05-04,0.580645161,73760.0,73760.580645161
2020-05-05,0.580645161,52453.0,52453.580645161
2020-05-06,0.580645161,56774.0,56774.580645161
2020-05-07,0.580645161,58667.0,58667.580645161
2020-05-08,0.580645161,30089.0,30089.580645161
2020-05-09,0.580645161,74980.0,74980.580645161
2020-05-10,0.580645161,0.0,0.580645161
2020-05-11,0.580645161,59860.0,59860.580645161
2020-05-12,0.580645161,80708.0,80708.580645161
2020-05-13,0.580645161,54144.0,54144.580645161
2020-05-14,0.580645161,67598.0,67598.580645161
2020-05-15,0.580645161,54774.0,54774.580645161
2020-05-16,0.580645161,60871.0,60871.580645161
2020-05-17,0.580645161,0.0,0.580645161
2020-05-18,0.580645161,57899.0,57899.580645161
2020-05-19,0.580645161,66764.0,66764.580645161
2020-05-20,0.580645161,64603.0,64603.580645161
2020-05-21,0.580645161,70380.0,70380.580645161
2020-05-22,0.580645161,59080.0,59080.580645161
2020-05-23,0.580645161,71560.0,71560.580645161
2020-05-24,0.580645161,0.0,0.580645161
2020-05-25,0.580645161,66303.0,66303.580645161
2020-05-26,0.580645161,81011.0,81011.580645161
2020-05-27,0.580645161,65878.0,65878.580645161
2020-05-28,0.580645161,75229.0,75229.580645161
2020-05-29,0.580645161,72280.0,72280.580645161
2020-05-30,0.580645161,62948.0,62948.580645161
2020-05-31,0.580645161,0.0,0.580645161
2020-06-01,1.033333333,67679.0,67680.033333333
2020-06-02,1.033333333,61855.0,61856.033333333
2020-06-03,1.033333333,55613.0,55614.033333333
2020-06-04,1.033333333,54434.0,54435.033333333
2020-06-05,1.033333333,63461.0,63462.033333333
2020-06-06,1.033333333,47017.0,47018.033333333
2020-06-07,1.033333333,0.0,1.033333333
2020-06-08,1.033333333,60365.0,60366.033333333
2020-06-09,1.033333333,65390.0,65391.033333333
2020-06-10,1.033333333,50676.0,50677.033333333
2020-06-11,1.033333333,56372.0,56373.033333333
2020-06-12,1.033333333,53307.0,53308.033333333
2020-06-13,1.033333333,54417.0,54418.033333333
2020-06-14,1.033333333,0.0,1.033333333
2020-06-15,1.033333333,43276.0,43277.033333333
2020-06-16,1.033333333,63349.0,63350.033333333
2020-06-17,1.033333333,53338.0,53339.033333333
2020-06-18,1.033333333,58087.0,58088.033333333
2020-06-19,1.033333333,64504.0,64505.033333333
2020-06-20,1.033333333,40803.0,40804.033333333
2020-06-21,1.033333333,0.0,1.033333333
2020-06-22,1.033333333,51066.0,51067.033333333
2020-06-23,1.033333333,54447.0,54448.033333333
2020-06-24,1.033333333,54541.0,54542.033333333
2020-06-25,1.033333333,45181.0,45182.033333333
2020-06-26,1.033333333,48960.0,48961.033333333
2020-06-27,1.033333333,63143.0,63144.033333333
2020-06-28,1.033333333,0.0,1.033333333
2020-06-29,1.033333333,61161.0,61162.033333333
2020-06-30,1.033333333,40907.0,40908.033333333
2020-07-01,2.161290323,62141.0,62143.161290323
2020-07-02,2.161290323,55189.0,55191.161290323
2020-07-03,2.161290323,55184.0,55186.161290323
2020-07-04,2.161290323,36665.0,36667.161290323
2020-07-05,2.161290323,0.0,2.161290323
2020-07-06,2.161290323,60820.0,60822.161290323
2020-07-07,2.161290323,57610.0,57612.161290323
2020-07-08,2.161290323,55912.0,55914.161290323
2020-07-09,2.161290323,54792.0,54794.161290323
2020-07-10,2.161290323,60425.0,60427.161290323
2020-07-11,2.161290323,47894.0,47896.161290323
2020-07-12,2.161290323,0.0,2.161290323
2020-07-13,2.161290323,37189.0,37191.161290323
2020-07-14,2.161290323,55535.0,55537.161290323
2020-07-15,2.161290323,59800.0,59802.161290323
2020-07-16,2.161290323,65395.0,65397.161290323
2020-07-17,2.161290323,72920.0,72922.161290323
2020-07-18,2.161290323,51799.0,51801.161290323
2020-07-19,2.161290323,0.0,2.161290323
2020-07-20,2.161290323,65935.0,65937.161290323
2020-07-21,2.161290323,56282.0,56284.161290323
2020-07-22,2.161290323,40209.0,40211.161290323
2020-07-23,2.161290323,56186.0,56188.161290323
2020-07-24,2.161290323,59182.0,59184.161290323
2020-07-25,2.161290323,61500.0,61502.161290323
2020-07-26,2.161290323,0.0,2.161290323
2020-07-27,2.161290323,51779.0,51781.161290323
2020-07-28,2.161290323,59987.0,59989.161290323
2020-07-29,2.161290323,60464.0,60466.161290323
2020-07-30,2.161290323,52055.0,52057.161290323
2020-07-31,2.161290323,56683.0,56685.161290323
2020-08-01,1.612903226,0.0,1.612903226
2020-08-02,1.612903226,0.0,1.612903226
2020-08-03,1.612903226,67112.0,67113.612903226
2020-08-04,1.612903226,58206.0,58207.612903226
2020-08-05,1.612903226,56769.0,56770.612903226
2020-08-06,1.612903226,54875.0,54876.612903226
2020-08-07,1.612903226,52249.0,52250.612903226
2020-08-08,1.612903226,55307.0,55308.612903226
2020-08-09,1.612903226,0.0,1.612903226
2020-08-10,1.612903226,54115.0,54116.612903226
2020-08-11,1.612903226,53109.0,53110.612903226
2020-08-12,1.612903226,34372.0,34373.612903226
2020-08-13,1.612903226,50157.0,50158.612903226
2020-08-14,1.612903226,55354.0,55355.612903226
2020-08-15,1.612903226,47576.0,47577.612903226
2020-08-16,1.612903226,0.0,1.612903226
2020-08-17,1.612903226,60831.0,60832.612903226
2020-08-18,1.612903226,52787.0,52788.612903226
2020-08-19,1.612903226,49822.0,49823.612903226
2020-08-20,1.612903226,64440.0,64441.612903226
2020-08-21,1.612903226,55528.0,55529.612903226
2020-08-22,1.612903226,52548.0,52549.612903226
2020-08-23,1.612903226,0.0,1.612903226
2020-08-24,1.612903226,54745.0,54746.612903226
2020-08-25,1.612903226,53404.0,53405.612903226
2020-08-26,1.612903226,59572.0,59573.612903226
2020-08-27,1.612903226,41550.0,41551.612903226
2020-08-28,1.612903226,57923.0,57924.612903226
2020-08-29,1.612903226,56404.0,56405.612903226
2020-08-30,1.612903226,0.0,1.612903226
2020-08-31,1.612903226,66042.0,66043.612903226
2020-09-01,3.033333333,63607.0,63610.033333333
2020-09-02,3.033333333,51799.0,51802.033333333
2020-09-03,3.033333333,51504.0,51507.033333333
2020-09-04,3.033333333,61715.0,61718.033333333
2020-09-05,3.033333333,58332.0,58335.033333333
2020-09-06,3.033333333,0.0,3.033333333
2020-09-07,3.033333333,45967.0,45970.033333333
2020-09-08,3.033333333,54987.0,54990.033333333
2020-09-09,3.033333333,62465.0,62468.033333333
2020-09-10,3.033333333,56722.0,56725.033333333
2020-09-11,3.033333333,60671.0,60674.033333333
2020-09-12,3.033333333,57630.0,57633.033333333
2020-09-13,3.033333333,0.0,3.033333333
2020-09-14,3.033333333,62227.0,62230.033333333
2020-09-15,3.033333333,64126.0,64129.033333333
2020-09-16,3.033333333,55111.0,55114.033333333
2020-09-17,3.033333333,53648.0,53651.033333333
2020-09-18,3.033333333,52473.0,52476.033333333
2020-09-19,3.033333333,59112.0,59115.033333333
2020-09-20,3.033333333,0.0,3.033333333
2020-09-21,3.033333333,61927.0,61930.033333333
2020-09-22,3.033333333,55395.0,55398.033333333
2020-09-23,3.033333333,45073.0,45076.033333333
2020-09-24,3.033333333,57906.0,57909.033333333
2020-09-25,3.033333333,44103.0,44106.033333333
2020-09-26,3.033333333,38778.0,38781.033333333
2020-09-27,3.033333333,0.0,3.033333333
2020-09-28,3.033333333,37169.0,37172.033333333
2020-09-29,3.033333333,34425.0,34428.033333333
2020-09-30,3.033333333,31870.0,31873.033333333
2020-10-01,5.096774194,0.0,5.096774194
2020-10-02,5.096774194,0.0,5.096774194
2020-10-03,5.096774194,0.0,5.096774194
2020-10-04,5.096774194,0.0,5.096774194
2020-10-05,5.096774194,21921.0,21926.096774194
2020-10-06,5.096774194,25307.0,25312.096774194
2020-10-07,5.096774194,24792.0,24797.096774194
2020-10-08,5.096774194,25736.0,25741.096774194
2020-10-09,5.096774194,19837.0,19842.096774194
2020-10-10,5.096774194,16186.0,16191.096774194
2020-10-11,5.096774194,0.0,5.096774194
2020-10-12,5.096774194,16811.0,16816.096774194
2020-10-13,5.096774194,12528.0,12533.096774194
2020-10-14,5.096774194,16352.0,16357.096774194
2020-10-15,5.096774194,15225.0,15230.096774194
2020-10-16,5.096774194,12115.0,12120.096774194
2020-10-17,5.096774194,14380.0,14385.096774194
2020-10-18,5.096774194,0.0,5.096774194
2020-10-19,5.096774194,14441.0,14446.096774194
2020-10-20,5.096774194,14960.0,14965.096774194
2020-10-21,5.096774194,13541.0,13546.096774194
2020-10-22,5.096774194,12869.0,12874.096774194
2020-10-23,5.096774194,12455.0,12460.096774194
2020-10-24,5.096774194,12491.0,12496.096774194
2020-10-25,5.096774194,0.0,5.096774194
2020-10-26,5.096774194,13835.0,13840.096774194
2020-10-27,5.096774194,14834.0,14839.096774194
2020-10-28,5.096774194,12698.0,12703.096774194
2020-10-29,5.096774194,12327.0,12332.096774194
2020-10-30,5.096774194,12654.0,12659.096774194
2020-10-31,5.096774194,12389.0,12394.096774194
2020-11-01,106.5666667,0.0,106.5666667
2020-11-02,106.5666667,11496.0,11602.5666667
2020-11-03,106.5666667,11036.0,11142.5666667
2020-11-04,106.5666667,11611.0,11717.5666667
2020-11-05,106.5666667,15110.0,15216.5666667
2020-11-06,106.5666667,16614.0,16720.5666667
2020-11-07,106.5666667,14947.0,15053.5666667
2020-11-08,106.5666667,0.0,106.5666667
2020-11-09,106.5666667,14106.0,14212.5666667
2020-11-10,106.5666667,13215.0,13321.5666667
2020-11-11,106.5666667,12507.0,12613.5666667
2020-11-12,106.5666667,14460.0,14566.5666667
2020-11-13,106.5666667,12910.0,13016.5666667
2020-11-14,106.5666667,14209.0,14315.5666667
2020-11-15,106.5666667,0.0,106.5666667
2020-11-16,106.5666667,14667.0,14773.5666667
2020-11-17,106.5666667,12478.0,12584.5666667
2020-11-18,106.5666667,14414.0,14520.5666667
2020-11-19,106.5666667,13511.0,13617.5666667
2020-11-20,106.5666667,13340.0,13446.5666667
2020-11-21,106.5666667,12172.0,12278.5666667
2020-11-22,106.5666667,0.0,106.5666667
2020-11-23,106.5666667,15188.0,15294.5666667
2020-11-24,106.5666667,16810.0,16916.5666667
2020-11-25,106.5666667,15910.0,16016.5666667
2020-11-26,106.5666667,15666.0,15772.5666667
2020-11-27,106.5666667,14517.0,14623.5666667
2020-11-28,106.5666667,12861.0,12967.5666667
2020-11-29,106.5666667,0.0,106.5666667
2020-11-30,106.5666667,15082.0,15188.5666667
2020-12-01,62.19354839,13343.0,13405.19354839
2020-12-02,62.19354839,13485.0,13547.19354839
2020-12-03,62.19354839,13011.0,13073.19354839
2020-12-04,62.19354839,13297.0,13359.19354839
2020-12-05,62.19354839,12767.0,12829.19354839
2020-12-06,62.19354839,0.0,62.19354839
2020-12-07,62.19354839,13805.0,13867.19354839
2020-12-08,62.19354839,14026.0,14088.19354839
2020-12-09,62.19354839,9582.0,9644.19354839
2020-12-10,62.19354839,10500.0,10562.19354839
2020-12-11,62.19354839,10010.0,10072.19354839
2020-12-12,62.19354839,9594.0,9656.19354839
2020-12-13,62.19354839,0.0,62.19354839
2020-12-14,62.19354839,10506.0,10568.19354839
2020-12-15,62.19354839,10550.0,10612.19354839
2020-12-16,62.19354839,9945.0,10007.19354839
2020-12-17,62.19354839,9084.0,9146.19354839
2020-12-18,62.19354839,10718.0,10780.19354839
2020-12-19,62.19354839,10942.0,11004.19354839
2020-12-20,62.19354839,0.0,62.19354839
2020-12-21,62.19354839,12597.0,12659.19354839
2020-12-22,62.19354839,12410.0,12472.19354839
2020-12-23,62.19354839,12454.0,12516.19354839
2020-12-24,62.19354839,11846.0,11908.19354839
2020-12-25,62.19354839,11335.0,11397.19354839
2020-12-26,62.19354839,10359.0,10421.19354839
2020-12-27,62.19354839,0.0,62.19354839
2020-12-28,62.19354839,10445.0,10507.19354839
2020-12-29,62.19354839,10761.0,10823.19354839
2020-12-30,62.19354839,11555.0,11617.19354839
2020-12-31,62.19354839,10892.0,10954.19354839
2021-01-01,21.5483871,0.0,21.5483871
2021-01-02,21.5483871,0.0,21.5483871
2021-01-03,21.5483871,0.0,21.5483871
2021-01-04,21.5483871,16225.0,16246.5483871
2021-01-05,21.5483871,17940.0,17961.5483871
2021-01-06,21.5483871,17094.0,17115.5483871
2021-01-07,21.5483871,16768.0,16789.5483871
2021-01-08,21.5483871,15031.0,15052.5483871
2021-01-09,21.5483871,15181.0,15202.5483871
2021-01-10,21.5483871,0.0,21.5483871
2021-01-11,21.5483871,18437.0,18458.5483871
2021-01-12,21.5483871,16285.0,16306.5483871
2021-01-13,21.5483871,21312.0,21333.5483871
2021-01-14,21.5483871,20874.0,20895.5483871
2021-01-15,21.5483871,15430.0,15451.5483871
2021-01-16,21.5483871,12907.0,12928.5483871
2021-01-17,21.5483871,0.0,21.5483871
2021-01-18,21.5483871,16725.0,16746.5483871
2021-01-19,21.5483871,17064.0,17085.5483871
2021-01-20,21.5483871,16218.0,16239.5483871
2021-01-21,21.5483871,18040.0,18061.5483871
2021-01-22,21.5483871,14947.0,14968.5483871
2021-01-23,21.5483871,13052.0,13073.5483871
2021-01-24,21.5483871,0.0,21.5483871
2021-01-25,21.5483871,19307.0,19328.5483871
2021-01-26,21.5483871,22519.0,22540.5483871
2021-01-27,21.5483871,18120.0,18141.5483871
2021-01-28,21.5483871,17408.0,17429.5483871
2021-01-29,21.5483871,18392.0,18413.5483871
2021-01-30,21.5483871,18703.0,18724.5483871
2021-01-31,21.5483871,0.0,21.5483871
2021-02-01,3.964285714,24486.0,24489.964285714
2021-02-02,3.964285714,20189.0,20192.964285714
2021-02-03,3.964285714,19893.0,19896.964285714
2021-02-04,3.964285714,20708.0,20711.964285714
2021-02-05,3.964285714,24326.0,24329.964285714
2021-02-06,3.964285714,19204.0,19207.964285714
2021-02-07,3.964285714,0.0,3.964285714
2021-02-08,3.964285714,22091.0,22094.964285714
2021-02-09,3.964285714,19270.0,19273.964285714
2021-02-10,3.964285714,17963.0,17966.964285714
2021-02-11,3.964285714,12961.0,12964.964285714
2021-02-12,3.964285714,0.0,3.964285714
2021-02-13,3.964285714,0.0,3.964285714
2021-02-14,3.964285714,0.0,3.964285714
2021-02-15,3.964285714,29395.0,29398.964285714
2021-02-16,3.964285714,31550.0,31553.964285714
2021-02-17,3.964285714,25644.0,25647.964285714
2021-02-18,3.964285714,22349.0,22352.964285714
2021-02-19,3.964285714,19009.0,19012.964285714
2021-02-20,3.964285714,24347.0,24350.964285714
2021-02-21,3.964285714,0.0,3.964285714
2021-02-22,3.964285714,25096.0,25099.964285714
2021-02-23,3.964285714,19954.0,19957.964285714
2021-02-24,3.964285714,23091.0,23094.964285714
2021-02-25,3.964285714,21880.0,21883.964285714
2021-02-26,3.964285714,21640.0,21643.964285714
2021-02-27,3.964285714,19507.0,19510.964285714
2021-02-28,3.964285714,0.0,3.964285714
2021-03-01,2.225806452,20028.0,20030.225806452
2021-03-02,2.225806452,20173.0,20175.225806452
2021-03-03,2.225806452,27131.0,27133.225806452
2021-03-04,2.225806452,34682.0,34684.225806452
2021-03-05,2.225806452,25683.0,25685.225806452
2021-03-06,2.225806452,22658.0,22660.225806452
2021-03-07,2.225806452,0.0,2.225806452
2021-03-08,2.225806452,22815.0,22817.225806452
2021-03-09,2.225806452,24859.0,24861.225806452
2021-03-10,2.225806452,26663.0,26665.225806452
2021-03-11,2.225806452,23614.0,23616.225806452
2021-03-12,2.225806452,21789.0,21791.225806452
2021-03-13,2.225806452,21249.0,21251.225806452
2021-03-14,2.225806452,0.0,2.225806452
2021-03-15,2.225806452,26116.0,26118.225806452
2021-03-16,2.225806452,27064.0,27066.225806452
2021-03-17,2.225806452,34593.0,34595.225806452
2021-03-18,2.225806452,36663.0,36665.225806452
2021-03-19,2.225806452,36932.0,36934.225806452
2021-03-20,2.225806452,35957.0,35959.225806452
2021-03-21,2.225806452,0.0,2.225806452
2021-03-22,2.225806452,41364.0,41366.225806452
2021-03-23,2.225806452,34851.0,34853.225806452
2021-03-24,2.225806452,37301.0,37303.225806452
2021-03-25,2.225806452,32711.0,32713.225806452
2021-03-26,2.225806452,44645.0,44647.225806452
2021-03-27,2.225806452,46473.0,46475.225806452
2021-03-28,2.225806452,0.0,2.225806452
2021-03-29,2.225806452,54265.0,54267.225806452
2021-03-30,2.225806452,41351.0,41353.225806452
2021-03-31,2.225806452,37672.0,37674.225806452
2021-04-01,-4.366666667,53648.0,53643.633333333
2021-04-02,-4.366666667,26431.0,26426.633333333
2021-04-03,-4.366666667,46443.0,46438.633333333
2021-04-04,-4.366666667,0.0,-4.366666667
2021-04-05,-4.366666667,43478.0,43473.633333333
2021-04-06,-4.366666667,42051.0,42046.633333333
2021-04-07,-4.366666667,48800.0,48795.633333333
2021-04-08,-4.366666667,51464.0,51459.633333333
2021-04-09,-4.366666667,47828.0,47823.633333333
2021-04-10,-4.366666667,52036.0,52031.633333333
2021-04-11,-4.366666667,0.0,-4.366666667
2021-04-12,-4.366666667,48491.0,48486.633333333
2021-04-13,-4.366666667,65253.0,65248.633333333
2021-04-14,-4.366666667,44162.0,44157.633333333
2021-04-15,-4.366666667,52407.0,52402.633333333
2021-04-16,-4.366666667,52629.0,52624.633333333
2021-04-17,-4.366666667,52489.0,52484.633333333
2021-04-18,-4.366666667,0.0,-4.366666667
2021-04-19,-4.366666667,53047.0,53042.633333333
2021-04-20,-4.366666667,49274.0,49269.633333333
2021-04-21,-4.366666667,44934.0,44929.633333333
2021-04-22,-4.366666667,50204.0,50199.633333333
2021-04-23,-4.366666667,46650.0,46645.633333333
2021-04-24,-4.366666667,36220.0,36215.633333333
2021-04-25,-4.366666667,0.0,-4.366666667
2021-04-26,-4.366666667,41383.0,41378.633333333
2021-04-27,-4.366666667,38411.0,38406.633333333
2021-04-28,-4.366666667,54063.0,54058.633333333
2021-04-29,-4.366666667,51269.0,51264.633333333
2021-04-30,-4.366666667,48597.0,48592.633333333
2021-05-01,-1.709677419,37421.0,37419.290322581
2021-05-02,-1.709677419,0.0,-1.709677419
2021-05-03,-1.709677419,53854.0,53852.290322581
2021-05-04,-1.709677419,72268.0,72266.290322581
2021-05-05,-1.709677419,64196.0,64194.290322581
2021-05-06,-1.709677419,78563.0,78561.290322581
2021-05-07,-1.709677419,86640.0,86638.290322581
2021-05-08,-1.709677419,72464.0,72462.290322581
2021-05-09,-1.709677419,0.0,-1.709677419
2021-05-10,-1.709677419,83601.0,83599.290322581
2021-05-11,-1.709677419,89827.0,89825.290322581
2021-05-12,-1.709677419,87749.0,87747.290322581
2021-05-13,-1.709677419,81776.0,81774.290322581
2021-05-14,-1.709677419,74396.0,74394.290322581
2021-05-15,-1.709677419,78119.0,78117.290322581
2021-05-16,-1.709677419,0.0,-1.709677419
2021-05-17,-1.709677419,56653.0,56651.290322581
2021-05-18,-1.709677419,74824.0,74822.290322581
2021-05-19,-1.709677419,76266.0,76264.290322581
2021-05-20,-1.709677419,68971.0,68969.290322581
2021-05-21,-1.709677419,68754.0,68752.290322581
2021-05-22,-1.709677419,61463.0,61461.290322581
2021-05-23,-1.709677419,0.0,-1.709677419
2021-05-24,-1.709677419,68953.0,68951.290322581
2021-05-25,-1.709677419,66117.0,66115.290322581
2021-05-26,-1.709677419,74083.0,74081.290322581
2021-05-27,-1.709677419,64188.0,64186.290322581
2021-05-28,-1.709677419,74852.0,74850.290322581
2021-05-29,-1.709677419,72071.0,72069.290322581
2021-05-30,-1.709677419,0.0,-1.709677419
2021-05-31,-1.709677419,72113.0,72111.290322581
2021-06-01,1.3,53120.0,53121.3
2021-06-02,1.3,75852.0,75853.3
2021-06-03,1.3,59519.0,59520.3
2021-06-04,1.3,49879.0,49880.3
2021-06-05,1.3,64124.0,64125.3
2021-06-06,1.3,0.0,1.3
2021-06-07,1.3,48113.0,48114.3
2021-06-08,1.3,72676.0,72677.3
2021-06-09,1.3,63899.0,63900.3
2021-06-10,1.3,68779.0,68780.3
2021-06-11,1.3,61513.0,61514.3
2021-06-12,1.3,56170.0,56171.3
2021-06-13,1.3,0.0,1.3
2021-06-14,1.3,54926.0,54927.3
2021-06-15,1.3,48344.0,48345.3
2021-06-16,1.3,60571.0,60572.3
2021-06-17,1.3,73487.0,73488.3
2021-06-18,1.3,71736.0,71737.3
2021-06-19,1.3,42933.0,42934.3
2021-06-20,1.3,0.0,1.3
2021-06-21,1.3,50106.0,50107.3
2021-06-22,1.3,57266.0,57267.3
2021-06-23,1.3,58159.0,58160.3
2021-06-24,1.3,70973.0,70974.3
2021-06-25,1.3,53827.0,53828.3
2021-06-26,1.3,68651.0,68652.3
2021-06-27,1.3,0.0,1.3
2021-06-28,1.3,66010.0,66011.3
2021-06-29,1.3,54075.0,54076.3
2021-06-30,1.3,66867.0,66868.3
2021-07-01,1.290322581,60701.0,60702.290322581
2021-07-02,1.290322581,67723.0,67724.290322581
2021-07-03,1.290322581,34181.0,34182.290322581
2021-07-04,1.290322581,0.0,1.290322581
2021-07-05,1.290322581,67650.0,67651.290322581
2021-07-06,1.290322581,57174.0,57175.290322581
2021-07-07,1.290322581,66078.0,66079.290322581
2021-07-08,1.290322581,51929.0,51930.290322581
2021-07-09,1.290322581,64781.0,64782.290322581
2021-07-10,1.290322581,39691.0,39692.290322581
2021-07-11,1.290322581,0.0,1.290322581
2021-07-12,1.290322581,56959.0,56960.290322581
2021-07-13,1.290322581,53460.0,53461.290322581
2021-07-14,1.290322581,63279.0,63280.290322581
2021-07-15,1.290322581,61778.0,61779.290322581
2021-07-16,1.290322581,53836.0,53837.290322581
2021-07-17,1.290322581,46810.0,46811.290322581
2021-07-18,1.290322581,0.0,1.290322581
2021-07-19,1.290322581,64070.0,64071.290322581
2021-07-20,1.290322581,63315.0,63316.290322581
2021-07-21,1.290322581,58051.0,58052.290322581
2021-07-22,1.290322581,61311.0,61312.290322581
2021-07-23,1.290322581,49986.0,49987.290322581
2021-07-24,1.290322581,55815.0,55816.290322581
2021-07-25,1.290322581,0.0,1.290322581
2021-07-26,1.290322581,58732.0,58733.290322581
2021-07-27,1.290322581,47425.0,47426.290322581
2021-07-28,1.290322581,39838.0,39839.290322581
2021-07-29,1.290322581,59677.0,59678.290322581
2021-07-30,1.290322581,45519.0,45520.290322581
2021-07-31,1.290322581,60982.0,60983.290322581
2021-08-01,1.322580645,0.0,1.322580645
2021-08-02,1.322580645,56475.0,56476.322580645
2021-08-03,1.322580645,52832.0,52833.322580645
2021-08-04,1.322580645,59292.0,59293.322580645
2021-08-05,1.322580645,70317.0,70318.322580645
2021-08-06,1.322580645,34896.0,34897.322580645
2021-08-07,1.322580645,0.0,1.322580645
2021-08-08,1.322580645,0.0,1.322580645
2021-08-09,1.322580645,71522.0,71523.322580645
2021-08-10,1.322580645,65466.0,65467.322580645
2021-08-11,1.322580645,63415.0,63416.322580645
2021-08-12,1.322580645,51450.0,51451.322580645
2021-08-13,1.322580645,40777.0,40778.322580645
2021-08-14,1.322580645,59513.0,59514.322580645
2021-08-15,1.322580645,0.0,1.322580645
2021-08-16,1.322580645,59510.0,59511.322580645
2021-08-17,1.322580645,49017.0,49018.322580645
2021-08-18,1.322580645,68328.0,68329.322580645
2021-08-19,1.322580645,64282.0,64283.322580645
2021-08-20,1.322580645,69406.0,69407.322580645
2021-08-21,1.322580645,51912.0,51913.322580645
2021-08-22,1.322580645,0.0,1.322580645
2021-08-23,1.322580645,66445.0,66446.322580645
2021-08-24,1.322580645,64398.0,64399.322580645
2021-08-25,1.322580645,57677.0,57678.322580645
2021-08-26,1.322580645,63100.0,63101.322580645
2021-08-27,1.322580645,63962.0,63963.322580645
2021-08-28,1.322580645,59743.0,59744.322580645
2021-08-29,1.322580645,0.0,1.322580645
2021-08-30,1.322580645,56521.0,56522.322580645
2021-08-31,1.322580645,62812.0,62813.322580645
2021-09-01,2.4,61025.0,61027.4
2021-09-02,2.4,62479.0,62481.4
2021-09-03,2.4,60290.0,60292.4
2021-09-04,2.4,51282.0,51284.4
2021-09-05,2.4,0.0,2.4
2021-09-06,2.4,51027.0,51029.4
2021-09-07,2.4,64930.0,64932.4
2021-09-08,2.4,63381.0,63383.4
2021-09-09,2.4,44067.0,44069.4
2021-09-10,2.4,46551.0,46553.4
2021-09-11,2.4,46065.0,46067.4
2021-09-12,2.4,0.0,2.4
2021-09-13,2.4,47946.0,47948.4
2021-09-14,2.4,42645.0,42647.4
2021-09-15,2.4,39646.0,39648.4
2021-09-16,2.4,44409.0,44411.4
2021-09-17,2.4,39433.0,39435.4
2021-09-18,2.4,37576.0,37578.4
2021-09-19,2.4,0.0,2.4
2021-09-20,2.4,0.0,2.4
2021-09-21,2.4,0.0,2.4
2021-09-22,2.4,0.0,2.4
2021-09-23,2.4,0.0,2.4
2021-09-24,2.4,50899.0,50901.4
2021-09-25,2.4,48818.0,48820.4
2021-09-26,2.4,0.0,2.4
2021-09-27,2.4,39795.0,39797.4
2021-09-28,2.4,41391.0,41393.4
2021-09-29,2.4,35678.0,35680.4
2021-09-30,2.4,38092.0,38094.4
2021-10-01,2.967741935,19287.0,19289.967741935
2021-10-02,2.967741935,20886.0,20888.967741935
2021-10-03,2.967741935,0.0,2.967741935
2021-10-04,2.967741935,24749.0,24751.967741935
2021-10-05,2.967741935,28654.0,28656.967741935
2021-10-06,2.967741935,21189.0,21191.967741935
2021-10-07,2.967741935,22310.0,22312.967741935
2021-10-08,2.967741935,21698.0,21700.967741935
2021-10-09,2.967741935,19375.0,19377.967741935
2021-10-10,2.967741935,0.0,2.967741935
2021-10-11,2.967741935,17738.0,17740.967741935
2021-10-12,2.967741935,20260.0,20262.967741935
2021-10-13,2.967741935,22047.0,22049.967741935
2021-10-14,2.967741935,19566.0,19568.967741935
2021-10-15,2.967741935,24865.0,24867.967741935
2021-10-16,2.967741935,22269.0,22271.967741935
2021-10-17,2.967741935,0.0,2.967741935
2021-10-18,2.967741935,19514.0,19516.967741935
2021-10-19,2.967741935,17227.0,17229.967741935
2021-10-20,2.967741935,16173.0,16175.967741935
2021-10-21,2.967741935,15019.0,15021.967741935
2021-10-22,2.967741935,17300.0,17302.967741935
2021-10-23,2.967741935,17595.0,17597.967741935
2021-10-24,2.967741935,0.0,2.967741935
2021-10-25,2.967741935,17849.0,17851.967741935
2021-10-26,2.967741935,16964.0,16966.967741935
2021-10-27,2.967741935,16106.0,16108.967741935
2021-10-28,2.967741935,15287.0,15289.967741935
2021-10-29,2.967741935,15617.0,15619.967741935
2021-10-30,2.967741935,16210.0,16212.967741935
2021-10-31,2.967741935,0.0,2.967741935
2021-11-01,102.4,15911.0,16013.4
2021-11-02,102.4,15743.0,15845.4
2021-11-03,102.4,15054.0,15156.4
2021-11-04,102.4,14758.0,14860.4
2021-11-05,102.4,15904.0,16006.4
2021-11-06,102.4,15290.0,15392.4
2021-11-07,102.4,0.0,102.4
2021-11-08,102.4,16273.0,16375.4
2021-11-09,102.4,14060.0,14162.4
2021-11-10,102.4,15148.0,15250.4
2021-11-11,102.4,17887.0,17989.4
2021-11-12,102.4,21649.0,21751.4
2021-11-13,102.4,19465.0,19567.4
2021-11-14,102.4,0.0,102.4
2021-11-15,102.4,16838.0,16940.4
2021-11-16,102.4,18891.0,18993.4
2021-11-17,102.4,16929.0,17031.4
2021-11-18,102.4,16784.0,16886.4
2021-11-19,102.4,17954.0,18056.4
2021-11-20,102.4,16571.0,16673.4
2021-11-21,102.4,0.0,102.4
2021-11-22,102.4,12993.0,13095.4
2021-11-23,102.4,13936.0,14038.4
2021-11-24,102.4,11642.0,11744.4
2021-11-25,102.4,15439.0,15541.4
2021-11-26,102.4,19170.0,19272.4
2021-11-27,102.4,16792.0,16894.4
2021-11-28,102.4,0.0,102.4
2021-11-29,102.4,16745.0,16847.4
2021-11-30,102.4,16759.0,16861.4
2021-12-01,70.0,16026.0,16096.0
2021-12-02,70.0,15560.0,15630.0
2021-12-03,70.0,16438.0,16508.0
2021-12-04,70.0,15956.0,16026.0
2021-12-05,70.0,0.0,70.0
2021-12-06,70.0,13490.0,13560.0
2021-12-07,70.0,19779.0,19849.0
2021-12-08,70.0,19454.0,19524.0
2021-12-09,70.0,19108.0,19178.0
2021-12-10,70.0,17178.0,17248.0
2021-12-11,70.0,16966.0,17036.0
2021-12-12,70.0,0.0,70.0
2021-12-13,70.0,15020.0,15090.0
2021-12-14,70.0,17110.0,17180.0
2021-12-15,70.0,16634.0,16704.0
2021-12-16,70.0,18159.0,18229.0
2021-12-17,70.0,17535.0,17605.0
2021-12-18,70.0,18527.0,18597.0
2021-12-19,70.0,0.0,70.0
2021-12-20,70.0,18554.0,18624.0
2021-12-21,70.0,20300.0,20370.0
2021-12-22,70.0,15717.0,15787.0
2021-12-23,70.0,22315.0,22385.0
2021-12-24,70.0,19120.0,19190.0
2021-12-25,70.0,16427.0,16497.0
2021-12-26,70.0,0.0,70.0
2021-12-27,70.0,17317.0,17387.0
2021-12-28,70.0,18020.0,18090.0
2021-12-29,70.0,18485.0,18555.0
2021-12-30,70.0,17673.0,17743.0
2021-12-31,70.0,18002.0,18072.0
2022-01-01,9.483870968,0.0,9.483870968
2022-01-02,9.483870968,0.0,9.483870968
2022-01-03,9.483870968,22609.0,22618.483870968
2022-01-04,9.483870968,20230.0,20239.483870968
2022-01-05,9.483870968,20940.0,20949.483870968
2022-01-06,9.483870968,20318.0,20327.483870968
2022-01-07,9.483870968,18554.0,18563.483870968
2022-01-08,9.483870968,22689.0,22698.483870968
2022-01-09,9.483870968,0.0,9.483870968
2022-01-10,9.483870968,23656.0,23665.483870968
2022-01-11,9.483870968,21164.0,21173.483870968
2022-01-12,9.483870968,19749.0,19758.483870968
2022-01-13,9.483870968,22760.0,22769.483870968
2022-01-14,9.483870968,23330.0,23339.483870968
2022-01-15,9.483870968,22912.0,22921.483870968
2022-01-16,9.483870968,0.0,9.483870968
2022-01-17,9.483870968,25087.0,25096.483870968
2022-01-18,9.483870968,25389.0,25398.483870968
2022-01-19,9.483870968,27207.0,27216.483870968
2022-01-20,9.483870968,27682.0,27691.483870968
2022-01-21,9.483870968,31455.0,31464.483870968
2022-01-22,9.483870968,31596.0,31605.483870968
2022-01-23,9.483870968,0.0,9.483870968
2022-01-24,9.483870968,32678.0,32687.483870968
2022-01-25,9.483870968,26872.0,26881.483870968
2022-01-26,9.483870968,28421.0,28430.483870968
2022-01-27,9.483870968,32041.0,32050.483870968
2022-01-28,9.483870968,31269.0,31278.483870968
2022-01-29,9.483870968,27506.0,27515.483870968
2022-01-30,9.483870968,21140.0,21149.483870968
2022-01-31,9.483870968,0.0,9.483870968
2022-02-01,-0.964285714,0.0,-0.964285714
2022-02-02,-0.964285714,0.0,-0.964285714
2022-02-03,-0.964285714,0.0,-0.964285714
2022-02-04,-0.964285714,33376.0,33375.035714286
2022-02-05,-0.964285714,26005.0,26004.035714286
2022-02-06,-0.964285714,0.0,-0.964285714
2022-02-07,-0.964285714,23007.0,23006.035714286
2022-02-08,-0.964285714,22900.0,22899.035714286
2022-02-09,-0.964285714,24104.0,24103.035714286
2022-02-10,-0.964285714,21256.0,21255.035714286
2022-02-11,-0.964285714,20851.0,20850.035714286
2022-02-12,-0.964285714,20285.0,20284.035714286
2022-02-13,-0.964285714,0.0,-0.964285714
2022-02-14,-0.964285714,24438.0,24437.035714286
2022-02-15,-0.964285714,27016.0,27015.035714286
2022-02-16,-0.964285714,30021.0,30020.035714286
2022-02-17,-0.964285714,27639.0,27638.035714286
2022-02-18,-0.964285714,25139.0,25138.035714286
2022-02-19,-0.964285714,30136.0,30135.035714286
2022-02-20,-0.964285714,0.0,-0.964285714
2022-02-21,-0.964285714,33598.0,33597.035714286
2022-02-22,-0.964285714,33948.0,33947.035714286
2022-02-23,-0.964285714,39288.0,39287.035714286
2022-02-24,-0.964285714,38881.0,38880.035714286
2022-02-25,-0.964285714,38012.0,38011.035714286
2022-02-26,-0.964285714,39562.0,39561.035714286
2022-02-27,-0.964285714,0.0,-0.964285714
2022-02-28,-0.964285714,35295.0,35294.035714286
2022-03-01,0.0967741935,38685.0,38685.0967741935
2022-03-02,0.0967741935,34123.0,34123.0967741935
2022-03-03,0.0967741935,42135.0,42135.0967741935
2022-03-04,0.0967741935,36515.0,36515.0967741935
2022-03-05,0.0967741935,38867.0,38867.0967741935
2022-03-06,0.0967741935,0.0,0.0967741935
2022-03-07,0.0967741935,41002.0,41002.0967741935
2022-03-08,0.0967741935,38903.0,38903.0967741935
2022-03-09,0.0967741935,38423.0,38423.0967741935
2022-03-10,0.0967741935,43698.0,43698.0967741935
2022-03-11,0.0967741935,38092.0,38092.0967741935
2022-03-12,0.0967741935,33759.0,33759.0967741935
2022-03-13,0.0967741935,0.0,0.0967741935
2022-03-14,0.0967741935,39917.0,39917.0967741935
2022-03-15,0.0967741935,35962.0,35962.0967741935
2022-03-16,0.0967741935,39570.0,39570.0967741935
2022-03-17,0.0967741935,41444.0,41444.0967741935
2022-03-18,0.0967741935,58327.0,58327.0967741935
2022-03-19,0.0967741935,35809.0,35809.0967741935
2022-03-20,0.0967741935,0.0,0.0967741935
2022-03-21,0.0967741935,42015.0,42015.0967741935
2022-03-22,0.0967741935,46593.0,46593.0967741935
2022-03-23,0.0967741935,42085.0,42085.0967741935
2022-03-24,0.0967741935,41104.0,41104.0967741935
2022-03-25,0.0967741935,55092.0,55092.0967741935
2022-03-26,0.0967741935,53486.0,53486.0967741935
2022-03-27,0.0967741935,0.0,0.0967741935
2022-03-28,0.0967741935,60264.0,60264.0967741935
2022-03-29,0.0967741935,49116.0,49116.0967741935
2022-03-30,0.0967741935,51392.0,51392.0967741935
2022-03-31,0.0967741935,55920.0,55920.0967741935
2022-04-01,0.0333333333,50420.0,50420.0333333333
2022-04-02,0.0333333333,44494.0,44494.0333333333
2022-04-03,0.0333333333,0.0,0.0333333333
2022-04-04,0.0333333333,48035.0,48035.0333333333
2022-04-05,0.0333333333,49517.0,49517.0333333333
2022-04-06,0.0333333333,45467.0,45467.0333333333
2022-04-07,0.0333333333,48053.0,48053.0333333333
2022-04-08,0.0333333333,50703.0,50703.0333333333
2022-04-09,0.0333333333,51745.0,51745.0333333333
2022-04-10,0.0333333333,0.0,0.0333333333
2022-04-11,0.0333333333,41579.0,41579.0333333333
2022-04-12,0.0333333333,44741.0,44741.0333333333
2022-04-13,0.0333333333,45857.0,45857.0333333333
2022-04-14,0.0333333333,46551.0,46551.0333333333
2022-04-15,0.0333333333,50426.0,50426.0333333333
2022-04-16,0.0333333333,43098.0,43098.0333333333
2022-04-17,0.0333333333,0.0,0.0333333333
2022-04-18,0.0333333333,49872.0,49872.0333333333
2022-04-19,0.0333333333,64160.0,64160.0333333333
2022-04-20,0.0333333333,49737.0,49737.0333333333
2022-04-21,0.0333333333,53139.0,53139.0333333333
2022-04-22,0.0333333333,47596.0,47596.0333333333
2022-04-23,0.0333333333,44156.0,44156.0333333333
2022-04-24,0.0333333333,0.0,0.0333333333
2022-04-25,0.0333333333,60335.0,60335.0333333333
2022-04-26,0.0333333333,44783.0,44783.0333333333
2022-04-27,0.0333333333,68943.0,68943.0333333333
2022-04-28,0.0333333333,44572.0,44572.0333333333
2022-04-29,0.0333333333,57167.0,57167.0333333333
2022-04-30,0.0333333333,41823.0,41823.0333333333
2022-05-01,0.290322581,0.0,0.290322581
2022-05-02,0.290322581,46623.0,46623.290322581
2022-05-03,0.290322581,41773.0,41773.290322581
2022-05-04,0.290322581,41240.0,41240.290322581
2022-05-05,0.290322581,65926.0,65926.290322581
2022-05-06,0.290322581,54542.0,54542.290322581
2022-05-07,0.290322581,44813.0,44813.290322581
2022-05-08,0.290322581,0.0,0.290322581
2022-05-09,0.290322581,56957.0,56957.290322581
2022-05-10,0.290322581,71438.0,71438.290322581
2022-05-11,0.290322581,42018.0,42018.290322581
2022-05-12,0.290322581,58666.0,58666.290322581
2022-05-13,0.290322581,42279.0,42279.290322581
2022-05-14,0.290322581,54870.0,54870.290322581
2022-05-15,0.290322581,0.0,0.290322581
2022-05-16,0.290322581,49964.0,49964.290322581
2022-05-17,0.290322581,79176.0,79176.290322581
2022-05-18,0.290322581,69914.0,69914.290322581
2022-05-19,0.290322581,71162.0,71162.290322581
2022-05-20,0.290322581,65107.0,65107.290322581
2022-05-21,0.290322581,56874.0,56874.290322581
2022-05-22,0.290322581,0.0,0.290322581
2022-05-23,0.290322581,78454.0,78454.290322581
2022-05-24,0.290322581,75338.0,75338.290322581
2022-05-25,0.290322581,75560.0,75560.290322581
2022-05-26,0.290322581,66023.0,66023.290322581
2022-05-27,0.290322581,75913.0,75913.290322581
2022-05-28,0.290322581,64307.0,64307.290322581
2022-05-29,0.290322581,0.0,0.290322581
2022-05-30,0.290322581,69544.0,69544.290322581
2022-05-31,0.290322581,74647.0,74647.290322581
2022-06-01,0.733333333,71730.0,71730.733333333
2022-06-02,0.733333333,68623.0,68623.733333333
2022-06-03,0.733333333,71937.0,71937.733333333
2022-06-04,0.733333333,56399.0,56399.733333333
2022-06-05,0.733333333,0.0,0.733333333
2022-06-06,0.733333333,74071.0,74071.733333333
2022-06-07,0.733333333,73681.0,73681.733333333
2022-06-08,0.733333333,68953.0,68953.733333333
2022-06-09,0.733333333,61578.0,61578.733333333
2022-06-10,0.733333333,69091.0,69091.733333333
2022-06-11,0.733333333,68714.0,68714.733333333
2022-06-12,0.733333333,0.0,0.733333333
2022-06-13,0.733333333,62733.0,62733.733333333
2022-06-14,0.733333333,60976.0,60976.733333333
2022-06-15,0.733333333,65063.0,65063.733333333
2022-06-16,0.733333333,57376.0,57376.733333333
2022-06-17,0.733333333,72330.0,72330.733333333
2022-06-18,0.733333333,55402.0,55402.733333333
2022-06-19,0.733333333,0.0,0.733333333
2022-06-20,0.733333333,57467.0,57467.733333333
2022-06-21,0.733333333,75337.0,75337.733333333
2022-06-22,0.733333333,71352.0,71352.733333333
2022-06-23,0.733333333,71552.0,71552.733333333
2022-06-24,0.733333333,67075.0,67075.733333333
2022-06-25,0.733333333,60323.0,60323.733333333
2022-06-26,0.733333333,0.0,0.733333333
2022-06-27,0.733333333,63820.0,63820.733333333
2022-06-28,0.733333333,66010.0,66010.733333333
2022-06-29,0.733333333,54481.0,54481.733333333
2022-06-30,0.733333333,52461.0,52461.733333333
2022-07-01,1.967741935,60212.0,60213.967741935
2022-07-02,1.967741935,50775.0,50776.967741935
2022-07-03,1.967741935,0.0,1.967741935
2022-07-04,1.967741935,64347.0,64348.967741935
2022-07-05,1.967741935,57584.0,57585.967741935
2022-07-06,1.967741935,63810.0,63811.967741935
2022-07-07,1.967741935,49457.0,49458.967741935
2022-07-08,1.967741935,59011.0,59012.967741935
2022-07-09,1.967741935,57900.0,57901.967741935
2022-07-10,1.967741935,0.0,1.967741935
2022-07-11,1.967741935,63751.0,63752.967741935
2022-07-12,1.967741935,59663.0,59664.967741935
2022-07-13,1.967741935,60220.0,60221.967741935
2022-07-14,1.967741935,58028.0,58029.967741935
2022-07-15,1.967741935,62465.0,62466.967741935
2022-07-16,1.967741935,60677.0,60678.967741935
2022-07-17,1.967741935,0.0,1.967741935
2022-07-18,1.967741935,60107.0,60108.967741935
2022-07-19,1.967741935,59330.0,59331.967741935
2022-07-20,1.967741935,56769.0,56770.967741935
2022-07-21,1.967741935,58168.0,58169.967741935
2022-07-22,1.967741935,46925.0,46926.967741935
2022-07-23,1.967741935,44357.0,44358.967741935
2022-07-24,1.967741935,0.0,1.967741935
2022-07-25,1.967741935,56434.0,56435.967741935
2022-07-26,1.967741935,58517.0,58518.967741935
2022-07-27,1.967741935,57147.0,57148.967741935
2022-07-28,1.967741935,55578.0,55579.967741935
2022-07-29,1.967741935,47713.0,47714.967741935
2022-07-30,1.967741935,41447.0,41448.967741935
2022-07-31,1.967741935,0.0,1.967741935
2022-08-01,1.741935484,63029.0,63030.741935484
2022-08-02,1.741935484,60010.0,60011.741935484
2022-08-03,1.741935484,58356.0,58357.741935484
2022-08-04,1.741935484,53988.0,53989.741935484
2022-08-05,1.741935484,67331.0,67332.741935484
2022-08-06,1.741935484,0.0,1.741935484
2022-08-07,1.741935484,0.0,1.741935484
2022-08-08,1.741935484,63431.0,63432.741935484
2022-08-09,1.741935484,61840.0,61841.741935484
2022-08-10,1.741935484,55011.0,55012.741935484
2022-08-11,1.741935484,62027.0,62028.741935484
2022-08-12,1.741935484,68451.0,68452.741935484
2022-08-13,1.741935484,55539.0,55540.741935484
2022-08-14,1.741935484,0.0,1.741935484
2022-08-15,1.741935484,60073.0,60074.741935484
2022-08-16,1.741935484,64118.0,64119.741935484
2022-08-17,1.741935484,56061.0,56062.741935484
2022-08-18,1.741935484,54616.0,54617.741935484
2022-08-19,1.741935484,55463.0,55464.741935484
2022-08-20,1.741935484,52672.0,52673.741935484
2022-08-21,1.741935484,0.0,1.741935484
2022-08-22,1.741935484,62655.0,62656.741935484
2022-08-23,1.741935484,62402.0,62403.741935484
2022-08-24,1.741935484,55805.0,55806.741935484
2022-08-25,1.741935484,60320.0,60321.741935484
2022-08-26,1.741935484,63088.0,63089.741935484
2022-08-27,1.741935484,52221.0,52222.741935484
2022-08-28,1.741935484,0.0,1.741935484
2022-08-29,1.741935484,57644.0,57645.741935484
2022-08-30,1.741935484,58953.0,58954.741935484
2022-08-31,1.741935484,51267.0,51268.741935484
2022-09-01,1.233333333,49550.0,49551.233333333
2022-09-02,1.233333333,54171.0,54172.233333333
2022-09-03,1.233333333,61352.0,61353.233333333
2022-09-04,1.233333333,0.0,1.233333333
2022-09-05,1.233333333,51674.0,51675.233333333
2022-09-06,1.233333333,50235.0,50236.233333333
2022-09-07,1.233333333,51183.0,51184.233333333
2022-09-08,1.233333333,58473.0,58474.233333333
2022-09-09,1.233333333,48612.0,48613.233333333
2022-09-10,1.233333333,0.0,1.233333333
2022-09-11,1.233333333,0.0,1.233333333
2022-09-12,1.233333333,0.0,1.233333333
2022-09-13,1.233333333,49044.0,49045.233333333
2022-09-14,1.233333333,56312.0,56313.233333333
2022-09-15,1.233333333,49999.0,50000.233333333
2022-09-16,1.233333333,48874.0,48875.233333333
2022-09-17,1.233333333,37697.0,37698.233333333
2022-09-18,1.233333333,0.0,1.233333333
2022-09-19,1.233333333,49441.0,49442.233333333
2022-09-20,1.233333333,55756.0,55757.233333333
2022-09-21,1.233333333,55804.0,55805.233333333
2022-09-22,1.233333333,49619.0,49620.233333333
2022-09-23,1.233333333,50339.0,50340.233333333
2022-09-24,1.233333333,37636.0,37637.233333333
2022-09-25,1.233333333,0.0,1.233333333
2022-09-26,1.233333333,38037.0,38038.233333333
2022-09-27,1.233333333,57247.0,57248.233333333
2022-09-28,1.233333333,43084.0,43085.233333333
2022-09-29,1.233333333,42962.0,42963.233333333
2022-09-30,1.233333333,41341.0,41342.233333333
2022-10-01,3.806451613,32807.0,32810.806451613
2022-10-02,3.806451613,0.0,3.806451613
2022-10-03,3.806451613,24211.0,24214.806451613
2022-10-04,3.806451613,22858.0,22861.806451613
2022-10-05,3.806451613,19910.0,19913.806451613
2022-10-06,3.806451613,20916.0,20919.806451613
2022-10-07,3.806451613,25235.0,25238.806451613
2022-10-08,3.806451613,22038.0,22041.806451613
2022-10-09,3.806451613,0.0,3.806451613
2022-10-10,3.806451613,23313.0,23316.806451613
2022-10-11,3.806451613,32852.0,32855.806451613
2022-10-12,3.806451613,24361.0,24364.806451613
2022-10-13,3.806451613,25794.0,25797.806451613
2022-10-14,3.806451613,22221.0,22224.806451613
2022-10-15,3.806451613,18680.0,18683.806451613
2022-10-16,3.806451613,0.0,3.806451613
2022-10-17,3.806451613,18633.0,18636.806451613
2022-10-18,3.806451613,17780.0,17783.806451613
2022-10-19,3.806451613,15972.0,15975.806451613
2022-10-20,3.806451613,13821.0,13824.806451613
2022-10-21,3.806451613,15479.0,15482.806451613
2022-10-22,3.806451613,16973.0,16976.806451613
2022-10-23,3.806451613,0.0,3.806451613
2022-10-24,3.806451613,16283.0,16286.806451613
2022-10-25,3.806451613,14106.0,14109.806451613
2022-10-26,3.806451613,14994.0,14997.806451613
2022-10-27,3.806451613,13159.0,13162.806451613
2022-10-28,3.806451613,14026.0,14029.806451613
2022-10-29,3.806451613,13082.0,13085.806451613
2022-10-30,3.806451613,0.0,3.806451613
2022-10-31,3.806451613,15872.0,15875.806451613
2022-11-01,46.86666667,13748.0,13794.86666667
2022-11-02,46.86666667,13311.0,13357.86666667
2022-11-03,46.86666667,12402.0,12448.86666667
2022-11-04,46.86666667,13850.0,13896.86666667
2022-11-05,46.86666667,13079.0,13125.86666667
2022-11-06,46.86666667,0.0,46.86666667
2022-11-07,46.86666667,16070.0,16116.86666667
2022-11-08,46.86666667,15883.0,15929.86666667
2022-11-09,46.86666667,16652.0,16698.86666667
2022-11-10,46.86666667,15045.0,15091.86666667
2022-11-11,46.86666667,15181.0,15227.86666667
2022-11-12,46.86666667,14814.0,14860.86666667
2022-11-13,46.86666667,0.0,46.86666667
2022-11-14,46.86666667,16193.0,16239.86666667
2022-11-15,46.86666667,16731.0,16777.86666667
2022-11-16,46.86666667,18692.0,18738.86666667
2022-11-17,46.86666667,17660.0,17706.86666667
2022-11-18,46.86666667,16814.0,16860.86666667
2022-11-19,46.86666667,16092.0,16138.86666667
2022-11-20,46.86666667,0.0,46.86666667
2022-11-21,46.86666667,16089.0,16135.86666667
2022-11-22,46.86666667,13655.0,13701.86666667
2022-11-23,46.86666667,16606.0,16652.86666667
2022-11-24,46.86666667,15763.0,15809.86666667
2022-11-25,46.86666667,17345.0,17391.86666667
2022-11-26,46.86666667,17225.0,17271.86666667
2022-11-27,46.86666667,0.0,46.86666667
2022-11-28,46.86666667,18881.0,18927.86666667
2022-11-29,46.86666667,15987.0,16033.86666667
2022-11-30,46.86666667,14787.0,14833.86666667
2022-12-01,44.32258065,14605.0,14649.32258065
2022-12-02,44.32258065,14498.0,14542.32258065
2022-12-03,44.32258065,13709.0,13753.32258065
2022-12-04,44.32258065,0.0,44.32258065
2022-12-05,44.32258065,16091.0,16135.32258065
2022-12-06,44.32258065,17044.0,17088.32258065
2022-12-07,44.32258065,17648.0,17692.32258065
2022-12-08,44.32258065,18625.0,18669.32258065
2022-12-09,44.32258065,18126.0,18170.32258065
2022-12-10,44.32258065,17122.0,17166.32258065
2022-12-11,44.32258065,0.0,44.32258065
2022-12-12,44.32258065,17566.0,17610.32258065
2022-12-13,44.32258065,15731.0,15775.32258065
2022-12-14,44.32258065,16327.0,16371.32258065
2022-12-15,44.32258065,14633.0,14677.32258065
2022-12-16,44.32258065,14431.0,14475.32258065
2022-12-17,44.32258065,15287.0,15331.32258065
2022-12-18,44.32258065,0.0,44.32258065
2022-12-19,44.32258065,29788.0,29832.32258065
2022-12-20,44.32258065,23281.0,23325.32258065
2022-12-21,44.32258065,23118.0,23162.32258065
2022-12-22,44.32258065,24715.0,24759.32258065
2022-12-23,44.32258065,21877.0,21921.32258065
2022-12-24,44.32258065,21994.0,22038.32258065
2022-12-25,44.32258065,0.0,44.32258065
2022-12-26,44.32258065,23515.0,23559.32258065
2022-12-27,44.32258065,22044.0,22088.32258065
2022-12-28,44.32258065,23481.0,23525.32258065
2022-12-29,44.32258065,22932.0,22976.32258065
2022-12-30,44.32258065,24679.0,24723.32258065
2022-12-31,44.32258065,22925.0,22969.32258065
2023-01-01,8.677419355,0.0,8.677419355
2023-01-02,8.677419355,0.0,8.677419355
2023-01-03,8.677419355,21557.0,21565.677419355
2023-01-04,8.677419355,22708.0,22716.677419355
2023-01-05,8.677419355,21259.0,21267.677419355
2023-01-06,8.677419355,22513.0,22521.677419355
2023-01-07,8.677419355,20723.0,20731.677419355
2023-01-08,8.677419355,0.0,8.677419355
2023-01-09,8.677419355,23581.0,23589.677419355
2023-01-10,8.677419355,23303.0,23311.677419355
2023-01-11,8.677419355,19265.0,19273.677419355
2023-01-12,8.677419355,25959.0,25967.677419355
2023-01-13,8.677419355,29052.0,29060.677419355
2023-01-14,8.677419355,26085.0,26093.677419355
2023-01-15,8.677419355,0.0,8.677419355
2023-01-16,8.677419355,25129.0,25137.677419355
2023-01-17,8.677419355,22237.0,22245.677419355
2023-01-18,8.677419355,22859.0,22867.677419355
2023-01-19,8.677419355,23540.0,23548.677419355
2023-01-20,8.677419355,20845.0,20853.677419355
2023-01-21,8.677419355,23174.0,23182.677419355
2023-01-22,8.677419355,0.0,8.677419355
2023-01-23,8.677419355,0.0,8.677419355
2023-01-24,8.677419355,0.0,8.677419355
2023-01-25,8.677419355,15575.0,15583.677419355
2023-01-26,8.677419355,35613.0,35621.677419355
2023-01-27,8.677419355,32926.0,32934.677419355
2023-01-28,8.677419355,25585.0,25593.677419355
2023-01-29,8.677419355,0.0,8.677419355
2023-01-30,8.677419355,23650.0,23658.677419355
2023-01-31,8.677419355,25497.0,25505.677419355
2023-02-01,-2.064516129,26842.0,26839.935483871
2023-02-02,-2.064516129,21882.0,21879.935483871
2023-02-03,-2.064516129,20974.0,20971.935483871
2023-02-04,-2.064516129,18565.0,18562.935483871
2023-02-05,-2.064516129,0.0,-2.064516129
2023-02-06,-2.064516129,20956.0,20953.935483871
2023-02-07,-2.064516129,19144.0,19141.935483871
2023-02-08,-2.064516129,21552.0,21549.935483871
2023-02-09,-2.064516129,21434.0,21431.935483871
2023-02-10,-2.064516129,33588.0,33585.935483871
2023-02-11,-2.064516129,24973.0,24970.935483871
2023-02-12,-2.064516129,0.0,-2.064516129
2023-02-13,-2.064516129,22445.0,22442.935483871
2023-02-14,-2.064516129,20853.0,20850.935483871
2023-02-15,-2.064516129,21957.0,21954.935483871
2023-02-16,-2.064516129,22734.0,22731.935483871
2023-02-17,-2.064516129,25827.0,25824.935483871
2023-02-18,-2.064516129,29191.0,29188.935483871
2023-02-19,-2.064516129,0.0,-2.064516129
2023-02-20,-2.064516129,28703.0,28700.935483871
2023-02-21,-2.064516129,34736.0,34733.935483871
2023-02-22,-2.064516129,29975.0,29972.935483871
2023-02-23,-2.064516129,35111.0,35108.935483871
2023-02-24,-2.064516129,32846.0,32843.935483871
2023-02-25,-2.064516129,32878.0,32875.935483871
2023-02-26,-2.064516129,0.0,-2.064516129
2023-02-27,-2.064516129,33084.0,33081.935483871
2023-02-28,-2.064516129,29820.0,29817.935483871
2023-03-01,-2.064516129,34954.0,34951.935483871
2023-03-02,-2.064516129,33403.0,33400.935483871
2023-03-03,-2.064516129,34922.0,34919.935483871
