timestamp,무역수지
2019-01-01,5.548387097
2019-01-02,5.548387097
2019-01-03,5.548387097
2019-01-04,5.548387097
2019-01-05,5.548387097
2019-01-06,5.548387097
2019-01-07,5.548387097
2019-01-08,5.548387097
2019-01-09,5.548387097
2019-01-10,5.548387097
2019-01-11,5.548387097
2019-01-12,5.548387097
2019-01-13,5.548387097
2019-01-14,5.548387097
2019-01-15,5.548387097
2019-01-16,5.548387097
2019-01-17,5.548387097
2019-01-18,5.548387097
2019-01-19,5.548387097
2019-01-20,5.548387097
2019-01-21,5.548387097
2019-01-22,5.548387097
2019-01-23,5.548387097
2019-01-24,5.548387097
2019-01-25,5.548387097
2019-01-26,5.548387097
2019-01-27,5.548387097
2019-01-28,5.548387097
2019-01-29,5.548387097
2019-01-30,5.548387097
2019-01-31,5.548387097
2019-02-01,1.178571429
2019-02-02,1.178571429
2019-02-03,1.178571429
2019-02-04,1.178571429
2019-02-05,1.178571429
2019-02-06,1.178571429
2019-02-07,1.178571429
2019-02-08,1.178571429
2019-02-09,1.178571429
2019-02-10,1.178571429
2019-02-11,1.178571429
2019-02-12,1.178571429
2019-02-13,1.178571429
2019-02-14,1.178571429
2019-02-15,1.178571429
2019-02-16,1.178571429
2019-02-17,1.178571429
2019-02-18,1.178571429
2019-02-19,1.178571429
2019-02-20,1.178571429
2019-02-21,1.178571429
2019-02-22,1.178571429
2019-02-23,1.178571429
2019-02-24,1.178571429
2019-02-25,1.178571429
2019-02-26,1.178571429
2019-02-27,1.178571429
2019-02-28,1.178571429
2019-03-01,-0.064516129
2019-03-02,-0.064516129
2019-03-03,-0.064516129
2019-03-04,-0.064516129
2019-03-05,-0.064516129
2019-03-06,-0.064516129
2019-03-07,-0.064516129
2019-03-08,-0.064516129
2019-03-09,-0.064516129
2019-03-10,-0.064516129
2019-03-11,-0.064516129
2019-03-12,-0.064516129
2019-03-13,-0.064516129
2019-03-14,-0.064516129
2019-03-15,-0.064516129
2019-03-16,-0.064516129
2019-03-17,-0.064516129
2019-03-18,-0.064516129
2019-03-19,-0.064516129
2019-03-20,-0.064516129
2019-03-21,-0.064516129
2019-03-22,-0.064516129
2019-03-23,-0.064516129
2019-03-24,-0.064516129
2019-03-25,-0.064516129
2019-03-26,-0.064516129
2019-03-27,-0.064516129
2019-03-28,-0.064516129
2019-03-29,-0.064516129
2019-03-30,-0.064516129
2019-03-31,-0.064516129
2019-04-01,-0.9
2019-04-02,-0.9
2019-04-03,-0.9
2019-04-04,-0.9
2019-04-05,-0.9
2019-04-06,-0.9
2019-04-07,-0.9
2019-04-08,-0.9
2019-04-09,-0.9
2019-04-10,-0.9
2019-04-11,-0.9
2019-04-12,-0.9
2019-04-13,-0.9
2019-04-14,-0.9
2019-04-15,-0.9
2019-04-16,-0.9
2019-04-17,-0.9
2019-04-18,-0.9
2019-04-19,-0.9
2019-04-20,-0.9
2019-04-21,-0.9
2019-04-22,-0.9
2019-04-23,-0.9
2019-04-24,-0.9
2019-04-25,-0.9
2019-04-26,-0.9
2019-04-27,-0.9
2019-04-28,-0.9
2019-04-29,-0.9
2019-04-30,-0.9
2019-05-01,0.677419355
2019-05-02,0.677419355
2019-05-03,0.677419355
2019-05-04,0.677419355
2019-05-05,0.677419355
2019-05-06,0.677419355
2019-05-07,0.677419355
2019-05-08,0.677419355
2019-05-09,0.677419355
2019-05-10,0.677419355
2019-05-11,0.677419355
2019-05-12,0.677419355
2019-05-13,0.677419355
2019-05-14,0.677419355
2019-05-15,0.677419355
2019-05-16,0.677419355
2019-05-17,0.677419355
2019-05-18,0.677419355
2019-05-19,0.677419355
2019-05-20,0.677419355
2019-05-21,0.677419355
2019-05-22,0.677419355
2019-05-23,0.677419355
2019-05-24,0.677419355
2019-05-25,0.677419355
2019-05-26,0.677419355
2019-05-27,0.677419355
2019-05-28,0.677419355
2019-05-29,0.677419355
2019-05-30,0.677419355
2019-05-31,0.677419355
2019-06-01,0.7
2019-06-02,0.7
2019-06-03,0.7
2019-06-04,0.7
2019-06-05,0.7
2019-06-06,0.7
2019-06-07,0.7
2019-06-08,0.7
2019-06-09,0.7
2019-06-10,0.7
2019-06-11,0.7
2019-06-12,0.7
2019-06-13,0.7
2019-06-14,0.7
2019-06-15,0.7
2019-06-16,0.7
2019-06-17,0.7
2019-06-18,0.7
2019-06-19,0.7
2019-06-20,0.7
2019-06-21,0.7
2019-06-22,0.7
2019-06-23,0.7
2019-06-24,0.7
2019-06-25,0.7
2019-06-26,0.7
2019-06-27,0.7
2019-06-28,0.7
2019-06-29,0.7
2019-06-30,0.7
2019-07-01,0.870967742
2019-07-02,0.870967742
2019-07-03,0.870967742
2019-07-04,0.870967742
2019-07-05,0.870967742
2019-07-06,0.870967742
2019-07-07,0.870967742
2019-07-08,0.870967742
2019-07-09,0.870967742
2019-07-10,0.870967742
2019-07-11,0.870967742
2019-07-12,0.870967742
2019-07-13,0.870967742
2019-07-14,0.870967742
2019-07-15,0.870967742
2019-07-16,0.870967742
2019-07-17,0.870967742
2019-07-18,0.870967742
2019-07-19,0.870967742
2019-07-20,0.870967742
2019-07-21,0.870967742
2019-07-22,0.870967742
2019-07-23,0.870967742
2019-07-24,0.870967742
2019-07-25,0.870967742
2019-07-26,0.870967742
2019-07-27,0.870967742
2019-07-28,0.870967742
2019-07-29,0.870967742
2019-07-30,0.870967742
2019-07-31,0.870967742
2019-08-01,1
2019-08-02,1
2019-08-03,1
2019-08-04,1
2019-08-05,1
2019-08-06,1
2019-08-07,1
2019-08-08,1
2019-08-09,1
2019-08-10,1
2019-08-11,1
2019-08-12,1
2019-08-13,1
2019-08-14,1
2019-08-15,1
2019-08-16,1
2019-08-17,1
2019-08-18,1
2019-08-19,1
2019-08-20,1
2019-08-21,1
2019-08-22,1
2019-08-23,1
2019-08-24,1
2019-08-25,1
2019-08-26,1
2019-08-27,1
2019-08-28,1
2019-08-29,1
2019-08-30,1
2019-08-31,1
2019-09-01,1.3
2019-09-02,1.3
2019-09-03,1.3
2019-09-04,1.3
2019-09-05,1.3
2019-09-06,1.3
2019-09-07,1.3
2019-09-08,1.3
2019-09-09,1.3
2019-09-10,1.3
2019-09-11,1.3
2019-09-12,1.3
2019-09-13,1.3
2019-09-14,1.3
2019-09-15,1.3
2019-09-16,1.3
2019-09-17,1.3
2019-09-18,1.3
2019-09-19,1.3
2019-09-20,1.3
2019-09-21,1.3
2019-09-22,1.3
2019-09-23,1.3
2019-09-24,1.3
2019-09-25,1.3
2019-09-26,1.3
2019-09-27,1.3
2019-09-28,1.3
2019-09-29,1.3
2019-09-30,1.3
2019-10-01,0.451612903
2019-10-02,0.451612903
2019-10-03,0.451612903
2019-10-04,0.451612903
2019-10-05,0.451612903
2019-10-06,0.451612903
2019-10-07,0.451612903
2019-10-08,0.451612903
2019-10-09,0.451612903
2019-10-10,0.451612903
2019-10-11,0.451612903
2019-10-12,0.451612903
2019-10-13,0.451612903
2019-10-14,0.451612903
2019-10-15,0.451612903
2019-10-16,0.451612903
2019-10-17,0.451612903
2019-10-18,0.451612903
2019-10-19,0.451612903
2019-10-20,0.451612903
2019-10-21,0.451612903
2019-10-22,0.451612903
2019-10-23,0.451612903
2019-10-24,0.451612903
2019-10-25,0.451612903
2019-10-26,0.451612903
2019-10-27,0.451612903
2019-10-28,0.451612903
2019-10-29,0.451612903
2019-10-30,0.451612903
2019-10-31,0.451612903
2019-11-01,63.06666667
2019-11-02,63.06666667
2019-11-03,63.06666667
2019-11-04,63.06666667
2019-11-05,63.06666667
2019-11-06,63.06666667
2019-11-07,63.06666667
2019-11-08,63.06666667
2019-11-09,63.06666667
2019-11-10,63.06666667
2019-11-11,63.06666667
2019-11-12,63.06666667
2019-11-13,63.06666667
2019-11-14,63.06666667
2019-11-15,63.06666667
2019-11-16,63.06666667
2019-11-17,63.06666667
2019-11-18,63.06666667
2019-11-19,63.06666667
2019-11-20,63.06666667
2019-11-21,63.06666667
2019-11-22,63.06666667
2019-11-23,63.06666667
2019-11-24,63.06666667
2019-11-25,63.06666667
2019-11-26,63.06666667
2019-11-27,63.06666667
2019-11-28,63.06666667
2019-11-29,63.06666667
2019-11-30,63.06666667
2019-12-01,21.38709677
2019-12-02,21.38709677
2019-12-03,21.38709677
2019-12-04,21.38709677
2019-12-05,21.38709677
2019-12-06,21.38709677
2019-12-07,21.38709677
2019-12-08,21.38709677
2019-12-09,21.38709677
2019-12-10,21.38709677
2019-12-11,21.38709677
2019-12-12,21.38709677
2019-12-13,21.38709677
2019-12-14,21.38709677
2019-12-15,21.38709677
2019-12-16,21.38709677
2019-12-17,21.38709677
2019-12-18,21.38709677
2019-12-19,21.38709677
2019-12-20,21.38709677
2019-12-21,21.38709677
2019-12-22,21.38709677
2019-12-23,21.38709677
2019-12-24,21.38709677
2019-12-25,21.38709677
2019-12-26,21.38709677
2019-12-27,21.38709677
2019-12-28,21.38709677
2019-12-29,21.38709677
2019-12-30,21.38709677
2019-12-31,21.38709677
2020-01-01,5.935483871
2020-01-02,5.935483871
2020-01-03,5.935483871
2020-01-04,5.935483871
2020-01-05,5.935483871
2020-01-06,5.935483871
2020-01-07,5.935483871
2020-01-08,5.935483871
2020-01-09,5.935483871
2020-01-10,5.935483871
2020-01-11,5.935483871
2020-01-12,5.935483871
2020-01-13,5.935483871
2020-01-14,5.935483871
2020-01-15,5.935483871
2020-01-16,5.935483871
2020-01-17,5.935483871
2020-01-18,5.935483871
2020-01-19,5.935483871
2020-01-20,5.935483871
2020-01-21,5.935483871
2020-01-22,5.935483871
2020-01-23,5.935483871
2020-01-24,5.935483871
2020-01-25,5.935483871
2020-01-26,5.935483871
2020-01-27,5.935483871
2020-01-28,5.935483871
2020-01-29,5.935483871
2020-01-30,5.935483871
2020-01-31,5.935483871
2020-02-01,8.620689655
2020-02-02,8.620689655
2020-02-03,8.620689655
2020-02-04,8.620689655
2020-02-05,8.620689655
2020-02-06,8.620689655
2020-02-07,8.620689655
2020-02-08,8.620689655
2020-02-09,8.620689655
2020-02-10,8.620689655
2020-02-11,8.620689655
2020-02-12,8.620689655
2020-02-13,8.620689655
2020-02-14,8.620689655
2020-02-15,8.620689655
2020-02-16,8.620689655
2020-02-17,8.620689655
2020-02-18,8.620689655
2020-02-19,8.620689655
2020-02-20,8.620689655
2020-02-21,8.620689655
2020-02-22,8.620689655
2020-02-23,8.620689655
2020-02-24,8.620689655
2020-02-25,8.620689655
2020-02-26,8.620689655
2020-02-27,8.620689655
2020-02-28,8.620689655
2020-02-29,8.620689655
2020-03-01,0.225806452
2020-03-02,0.225806452
2020-03-03,0.225806452
2020-03-04,0.225806452
2020-03-05,0.225806452
2020-03-06,0.225806452
2020-03-07,0.225806452
2020-03-08,0.225806452
2020-03-09,0.225806452
2020-03-10,0.225806452
2020-03-11,0.225806452
2020-03-12,0.225806452
2020-03-13,0.225806452
2020-03-14,0.225806452
2020-03-15,0.225806452
2020-03-16,0.225806452
2020-03-17,0.225806452
2020-03-18,0.225806452
2020-03-19,0.225806452
2020-03-20,0.225806452
2020-03-21,0.225806452
2020-03-22,0.225806452
2020-03-23,0.225806452
2020-03-24,0.225806452
2020-03-25,0.225806452
2020-03-26,0.225806452
2020-03-27,0.225806452
2020-03-28,0.225806452
2020-03-29,0.225806452
2020-03-30,0.225806452
2020-03-31,0.225806452
2020-04-01,0.0333333333
2020-04-02,0.0333333333
2020-04-03,0.0333333333
2020-04-04,0.0333333333
2020-04-05,0.0333333333
2020-04-06,0.0333333333
2020-04-07,0.0333333333
2020-04-08,0.0333333333
2020-04-09,0.0333333333
2020-04-10,0.0333333333
2020-04-11,0.0333333333
2020-04-12,0.0333333333
2020-04-13,0.0333333333
2020-04-14,0.0333333333
2020-04-15,0.0333333333
2020-04-16,0.0333333333
2020-04-17,0.0333333333
2020-04-18,0.0333333333
2020-04-19,0.0333333333
2020-04-20,0.0333333333
2020-04-21,0.0333333333
2020-04-22,0.0333333333
2020-04-23,0.0333333333
2020-04-24,0.0333333333
2020-04-25,0.0333333333
2020-04-26,0.0333333333
2020-04-27,0.0333333333
2020-04-28,0.0333333333
2020-04-29,0.0333333333
2020-04-30,0.0333333333
2020-05-01,0.580645161
2020-05-02,0.580645161
2020-05-03,0.580645161
2020-05-04,0.580645161
2020-05-05,0.580645161
2020-05-06,0.580645161
2020-05-07,0.580645161
2020-05-08,0.580645161
2020-05-09,0.580645161
2020-05-10,0.580645161
2020-05-11,0.580645161
2020-05-12,0.580645161
2020-05-13,0.580645161
2020-05-14,0.580645161
2020-05-15,0.580645161
2020-05-16,0.580645161
2020-05-17,0.580645161
2020-05-18,0.580645161
2020-05-19,0.580645161
2020-05-20,0.580645161
2020-05-21,0.580645161
2020-05-22,0.580645161
2020-05-23,0.580645161
2020-05-24,0.580645161
2020-05-25,0.580645161
2020-05-26,0.580645161
2020-05-27,0.580645161
2020-05-28,0.580645161
2020-05-29,0.580645161
2020-05-30,0.580645161
2020-05-31,0.580645161
2020-06-01,1.033333333
2020-06-02,1.033333333
2020-06-03,1.033333333
2020-06-04,1.033333333
2020-06-05,1.033333333
2020-06-06,1.033333333
2020-06-07,1.033333333
2020-06-08,1.033333333
2020-06-09,1.033333333
2020-06-10,1.033333333
2020-06-11,1.033333333
2020-06-12,1.033333333
2020-06-13,1.033333333
2020-06-14,1.033333333
2020-06-15,1.033333333
2020-06-16,1.033333333
2020-06-17,1.033333333
2020-06-18,1.033333333
2020-06-19,1.033333333
2020-06-20,1.033333333
2020-06-21,1.033333333
2020-06-22,1.033333333
2020-06-23,1.033333333
2020-06-24,1.033333333
2020-06-25,1.033333333
2020-06-26,1.033333333
2020-06-27,1.033333333
2020-06-28,1.033333333
2020-06-29,1.033333333
2020-06-30,1.033333333
2020-07-01,2.161290323
2020-07-02,2.161290323
2020-07-03,2.161290323
2020-07-04,2.161290323
2020-07-05,2.161290323
2020-07-06,2.161290323
2020-07-07,2.161290323
2020-07-08,2.161290323
2020-07-09,2.161290323
2020-07-10,2.161290323
2020-07-11,2.161290323
2020-07-12,2.161290323
2020-07-13,2.161290323
2020-07-14,2.161290323
2020-07-15,2.161290323
2020-07-16,2.161290323
2020-07-17,2.161290323
2020-07-18,2.161290323
2020-07-19,2.161290323
2020-07-20,2.161290323
2020-07-21,2.161290323
2020-07-22,2.161290323
2020-07-23,2.161290323
2020-07-24,2.161290323
2020-07-25,2.161290323
2020-07-26,2.161290323
2020-07-27,2.161290323
2020-07-28,2.161290323
2020-07-29,2.161290323
2020-07-30,2.161290323
2020-07-31,2.161290323
2020-08-01,1.612903226
2020-08-02,1.612903226
2020-08-03,1.612903226
2020-08-04,1.612903226
2020-08-05,1.612903226
2020-08-06,1.612903226
2020-08-07,1.612903226
2020-08-08,1.612903226
2020-08-09,1.612903226
2020-08-10,1.612903226
2020-08-11,1.612903226
2020-08-12,1.612903226
2020-08-13,1.612903226
2020-08-14,1.612903226
2020-08-15,1.612903226
2020-08-16,1.612903226
2020-08-17,1.612903226
2020-08-18,1.612903226
2020-08-19,1.612903226
2020-08-20,1.612903226
2020-08-21,1.612903226
2020-08-22,1.612903226
2020-08-23,1.612903226
2020-08-24,1.612903226
2020-08-25,1.612903226
2020-08-26,1.612903226
2020-08-27,1.612903226
2020-08-28,1.612903226
2020-08-29,1.612903226
2020-08-30,1.612903226
2020-08-31,1.612903226
2020-09-01,3.033333333
2020-09-02,3.033333333
2020-09-03,3.033333333
2020-09-04,3.033333333
2020-09-05,3.033333333
2020-09-06,3.033333333
2020-09-07,3.033333333
2020-09-08,3.033333333
2020-09-09,3.033333333
2020-09-10,3.033333333
2020-09-11,3.033333333
2020-09-12,3.033333333
2020-09-13,3.033333333
2020-09-14,3.033333333
2020-09-15,3.033333333
2020-09-16,3.033333333
2020-09-17,3.033333333
2020-09-18,3.033333333
2020-09-19,3.033333333
2020-09-20,3.033333333
2020-09-21,3.033333333
2020-09-22,3.033333333
2020-09-23,3.033333333
2020-09-24,3.033333333
2020-09-25,3.033333333
2020-09-26,3.033333333
2020-09-27,3.033333333
2020-09-28,3.033333333
2020-09-29,3.033333333
2020-09-30,3.033333333
2020-10-01,5.096774194
2020-10-02,5.096774194
2020-10-03,5.096774194
2020-10-04,5.096774194
2020-10-05,5.096774194
2020-10-06,5.096774194
2020-10-07,5.096774194
2020-10-08,5.096774194
2020-10-09,5.096774194
2020-10-10,5.096774194
2020-10-11,5.096774194
2020-10-12,5.096774194
2020-10-13,5.096774194
2020-10-14,5.096774194
2020-10-15,5.096774194
2020-10-16,5.096774194
2020-10-17,5.096774194
2020-10-18,5.096774194
2020-10-19,5.096774194
2020-10-20,5.096774194
2020-10-21,5.096774194
2020-10-22,5.096774194
2020-10-23,5.096774194
2020-10-24,5.096774194
2020-10-25,5.096774194
2020-10-26,5.096774194
2020-10-27,5.096774194
2020-10-28,5.096774194
2020-10-29,5.096774194
2020-10-30,5.096774194
2020-10-31,5.096774194
2020-11-01,106.5666667
2020-11-02,106.5666667
2020-11-03,106.5666667
2020-11-04,106.5666667
2020-11-05,106.5666667
2020-11-06,106.5666667
2020-11-07,106.5666667
2020-11-08,106.5666667
2020-11-09,106.5666667
2020-11-10,106.5666667
2020-11-11,106.5666667
2020-11-12,106.5666667
2020-11-13,106.5666667
2020-11-14,106.5666667
2020-11-15,106.5666667
2020-11-16,106.5666667
2020-11-17,106.5666667
2020-11-18,106.5666667
2020-11-19,106.5666667
2020-11-20,106.5666667
2020-11-21,106.5666667
2020-11-22,106.5666667
2020-11-23,106.5666667
2020-11-24,106.5666667
2020-11-25,106.5666667
2020-11-26,106.5666667
2020-11-27,106.5666667
2020-11-28,106.5666667
2020-11-29,106.5666667
2020-11-30,106.5666667
2020-12-01,62.19354839
2020-12-02,62.19354839
2020-12-03,62.19354839
2020-12-04,62.19354839
2020-12-05,62.19354839
2020-12-06,62.19354839
2020-12-07,62.19354839
2020-12-08,62.19354839
2020-12-09,62.19354839
2020-12-10,62.19354839
2020-12-11,62.19354839
2020-12-12,62.19354839
2020-12-13,62.19354839
2020-12-14,62.19354839
2020-12-15,62.19354839
2020-12-16,62.19354839
2020-12-17,62.19354839
2020-12-18,62.19354839
2020-12-19,62.19354839
2020-12-20,62.19354839
2020-12-21,62.19354839
2020-12-22,62.19354839
2020-12-23,62.19354839
2020-12-24,62.19354839
2020-12-25,62.19354839
2020-12-26,62.19354839
2020-12-27,62.19354839
2020-12-28,62.19354839
2020-12-29,62.19354839
2020-12-30,62.19354839
2020-12-31,62.19354839
2021-01-01,21.5483871
2021-01-02,21.5483871
2021-01-03,21.5483871
2021-01-04,21.5483871
2021-01-05,21.5483871
2021-01-06,21.5483871
2021-01-07,21.5483871
2021-01-08,21.5483871
2021-01-09,21.5483871
2021-01-10,21.5483871
2021-01-11,21.5483871
2021-01-12,21.5483871
2021-01-13,21.5483871
2021-01-14,21.5483871
2021-01-15,21.5483871
2021-01-16,21.5483871
2021-01-17,21.5483871
2021-01-18,21.5483871
2021-01-19,21.5483871
2021-01-20,21.5483871
2021-01-21,21.5483871
2021-01-22,21.5483871
2021-01-23,21.5483871
2021-01-24,21.5483871
2021-01-25,21.5483871
2021-01-26,21.5483871
2021-01-27,21.5483871
2021-01-28,21.5483871
2021-01-29,21.5483871
2021-01-30,21.5483871
2021-01-31,21.5483871
2021-02-01,3.964285714
2021-02-02,3.964285714
2021-02-03,3.964285714
2021-02-04,3.964285714
2021-02-05,3.964285714
2021-02-06,3.964285714
2021-02-07,3.964285714
2021-02-08,3.964285714
2021-02-09,3.964285714
2021-02-10,3.964285714
2021-02-11,3.964285714
2021-02-12,3.964285714
2021-02-13,3.964285714
2021-02-14,3.964285714
2021-02-15,3.964285714
2021-02-16,3.964285714
2021-02-17,3.964285714
2021-02-18,3.964285714
2021-02-19,3.964285714
2021-02-20,3.964285714
2021-02-21,3.964285714
2021-02-22,3.964285714
2021-02-23,3.964285714
2021-02-24,3.964285714
2021-02-25,3.964285714
2021-02-26,3.964285714
2021-02-27,3.964285714
2021-02-28,3.964285714
2021-03-01,2.225806452
2021-03-02,2.225806452
2021-03-03,2.225806452
2021-03-04,2.225806452
2021-03-05,2.225806452
2021-03-06,2.225806452
2021-03-07,2.225806452
2021-03-08,2.225806452
2021-03-09,2.225806452
2021-03-10,2.225806452
2021-03-11,2.225806452
2021-03-12,2.225806452
2021-03-13,2.225806452
2021-03-14,2.225806452
2021-03-15,2.225806452
2021-03-16,2.225806452
2021-03-17,2.225806452
2021-03-18,2.225806452
2021-03-19,2.225806452
2021-03-20,2.225806452
2021-03-21,2.225806452
2021-03-22,2.225806452
2021-03-23,2.225806452
2021-03-24,2.225806452
2021-03-25,2.225806452
2021-03-26,2.225806452
2021-03-27,2.225806452
2021-03-28,2.225806452
2021-03-29,2.225806452
2021-03-30,2.225806452
2021-03-31,2.225806452
2021-04-01,-4.366666667
2021-04-02,-4.366666667
2021-04-03,-4.366666667
2021-04-04,-4.366666667
2021-04-05,-4.366666667
2021-04-06,-4.366666667
2021-04-07,-4.366666667
2021-04-08,-4.366666667
2021-04-09,-4.366666667
2021-04-10,-4.366666667
2021-04-11,-4.366666667
2021-04-12,-4.366666667
2021-04-13,-4.366666667
2021-04-14,-4.366666667
2021-04-15,-4.366666667
2021-04-16,-4.366666667
2021-04-17,-4.366666667
2021-04-18,-4.366666667
2021-04-19,-4.366666667
2021-04-20,-4.366666667
2021-04-21,-4.366666667
2021-04-22,-4.366666667
2021-04-23,-4.366666667
2021-04-24,-4.366666667
2021-04-25,-4.366666667
2021-04-26,-4.366666667
2021-04-27,-4.366666667
2021-04-28,-4.366666667
2021-04-29,-4.366666667
2021-04-30,-4.366666667
2021-05-01,-1.709677419
2021-05-02,-1.709677419
2021-05-03,-1.709677419
2021-05-04,-1.709677419
2021-05-05,-1.709677419
2021-05-06,-1.709677419
2021-05-07,-1.709677419
2021-05-08,-1.709677419
2021-05-09,-1.709677419
2021-05-10,-1.709677419
2021-05-11,-1.709677419
2021-05-12,-1.709677419
2021-05-13,-1.709677419
2021-05-14,-1.709677419
2021-05-15,-1.709677419
2021-05-16,-1.709677419
2021-05-17,-1.709677419
2021-05-18,-1.709677419
2021-05-19,-1.709677419
2021-05-20,-1.709677419
2021-05-21,-1.709677419
2021-05-22,-1.709677419
2021-05-23,-1.709677419
2021-05-24,-1.709677419
2021-05-25,-1.709677419
2021-05-26,-1.709677419
2021-05-27,-1.709677419
2021-05-28,-1.709677419
2021-05-29,-1.709677419
2021-05-30,-1.709677419
2021-05-31,-1.709677419
2021-06-01,1.3
2021-06-02,1.3
2021-06-03,1.3
2021-06-04,1.3
2021-06-05,1.3
2021-06-06,1.3
2021-06-07,1.3
2021-06-08,1.3
2021-06-09,1.3
2021-06-10,1.3
2021-06-11,1.3
2021-06-12,1.3
2021-06-13,1.3
2021-06-14,1.3
2021-06-15,1.3
2021-06-16,1.3
2021-06-17,1.3
2021-06-18,1.3
2021-06-19,1.3
2021-06-20,1.3
2021-06-21,1.3
2021-06-22,1.3
2021-06-23,1.3
2021-06-24,1.3
2021-06-25,1.3
2021-06-26,1.3
2021-06-27,1.3
2021-06-28,1.3
2021-06-29,1.3
2021-06-30,1.3
2021-07-01,1.290322581
2021-07-02,1.290322581
2021-07-03,1.290322581
2021-07-04,1.290322581
2021-07-05,1.290322581
2021-07-06,1.290322581
2021-07-07,1.290322581
2021-07-08,1.290322581
2021-07-09,1.290322581
2021-07-10,1.290322581
2021-07-11,1.290322581
2021-07-12,1.290322581
2021-07-13,1.290322581
2021-07-14,1.290322581
2021-07-15,1.290322581
2021-07-16,1.290322581
2021-07-17,1.290322581
2021-07-18,1.290322581
2021-07-19,1.290322581
2021-07-20,1.290322581
2021-07-21,1.290322581
2021-07-22,1.290322581
2021-07-23,1.290322581
2021-07-24,1.290322581
2021-07-25,1.290322581
2021-07-26,1.290322581
2021-07-27,1.290322581
2021-07-28,1.290322581
2021-07-29,1.290322581
2021-07-30,1.290322581
2021-07-31,1.290322581
2021-08-01,1.322580645
2021-08-02,1.322580645
2021-08-03,1.322580645
2021-08-04,1.322580645
2021-08-05,1.322580645
2021-08-06,1.322580645
2021-08-07,1.322580645
2021-08-08,1.322580645
2021-08-09,1.322580645
2021-08-10,1.322580645
2021-08-11,1.322580645
2021-08-12,1.322580645
2021-08-13,1.322580645
2021-08-14,1.322580645
2021-08-15,1.322580645
2021-08-16,1.322580645
2021-08-17,1.322580645
2021-08-18,1.322580645
2021-08-19,1.322580645
2021-08-20,1.322580645
2021-08-21,1.322580645
2021-08-22,1.322580645
2021-08-23,1.322580645
2021-08-24,1.322580645
2021-08-25,1.322580645
2021-08-26,1.322580645
2021-08-27,1.322580645
2021-08-28,1.322580645
2021-08-29,1.322580645
2021-08-30,1.322580645
2021-08-31,1.322580645
2021-09-01,2.4
2021-09-02,2.4
2021-09-03,2.4
2021-09-04,2.4
2021-09-05,2.4
2021-09-06,2.4
2021-09-07,2.4
2021-09-08,2.4
2021-09-09,2.4
2021-09-10,2.4
2021-09-11,2.4
2021-09-12,2.4
2021-09-13,2.4
2021-09-14,2.4
2021-09-15,2.4
2021-09-16,2.4
2021-09-17,2.4
2021-09-18,2.4
2021-09-19,2.4
2021-09-20,2.4
2021-09-21,2.4
2021-09-22,2.4
2021-09-23,2.4
2021-09-24,2.4
2021-09-25,2.4
2021-09-26,2.4
2021-09-27,2.4
2021-09-28,2.4
2021-09-29,2.4
2021-09-30,2.4
2021-10-01,2.967741935
2021-10-02,2.967741935
2021-10-03,2.967741935
2021-10-04,2.967741935
2021-10-05,2.967741935
2021-10-06,2.967741935
2021-10-07,2.967741935
2021-10-08,2.967741935
2021-10-09,2.967741935
2021-10-10,2.967741935
2021-10-11,2.967741935
2021-10-12,2.967741935
2021-10-13,2.967741935
2021-10-14,2.967741935
2021-10-15,2.967741935
2021-10-16,2.967741935
2021-10-17,2.967741935
2021-10-18,2.967741935
2021-10-19,2.967741935
2021-10-20,2.967741935
2021-10-21,2.967741935
2021-10-22,2.967741935
2021-10-23,2.967741935
2021-10-24,2.967741935
2021-10-25,2.967741935
2021-10-26,2.967741935
2021-10-27,2.967741935
2021-10-28,2.967741935
2021-10-29,2.967741935
2021-10-30,2.967741935
2021-10-31,2.967741935
2021-11-01,102.4
2021-11-02,102.4
2021-11-03,102.4
2021-11-04,102.4
2021-11-05,102.4
2021-11-06,102.4
2021-11-07,102.4
2021-11-08,102.4
2021-11-09,102.4
2021-11-10,102.4
2021-11-11,102.4
2021-11-12,102.4
2021-11-13,102.4
2021-11-14,102.4
2021-11-15,102.4
2021-11-16,102.4
2021-11-17,102.4
2021-11-18,102.4
2021-11-19,102.4
2021-11-20,102.4
2021-11-21,102.4
2021-11-22,102.4
2021-11-23,102.4
2021-11-24,102.4
2021-11-25,102.4
2021-11-26,102.4
2021-11-27,102.4
2021-11-28,102.4
2021-11-29,102.4
2021-11-30,102.4
2021-12-01,70
2021-12-02,70
2021-12-03,70
2021-12-04,70
2021-12-05,70
2021-12-06,70
2021-12-07,70
2021-12-08,70
2021-12-09,70
2021-12-10,70
2021-12-11,70
2021-12-12,70
2021-12-13,70
2021-12-14,70
2021-12-15,70
2021-12-16,70
2021-12-17,70
2021-12-18,70
2021-12-19,70
2021-12-20,70
2021-12-21,70
2021-12-22,70
2021-12-23,70
2021-12-24,70
2021-12-25,70
2021-12-26,70
2021-12-27,70
2021-12-28,70
2021-12-29,70
2021-12-30,70
2021-12-31,70
2022-01-01,9.483870968
2022-01-02,9.483870968
2022-01-03,9.483870968
2022-01-04,9.483870968
2022-01-05,9.483870968
2022-01-06,9.483870968
2022-01-07,9.483870968
2022-01-08,9.483870968
2022-01-09,9.483870968
2022-01-10,9.483870968
2022-01-11,9.483870968
2022-01-12,9.483870968
2022-01-13,9.483870968
2022-01-14,9.483870968
2022-01-15,9.483870968
2022-01-16,9.483870968
2022-01-17,9.483870968
2022-01-18,9.483870968
2022-01-19,9.483870968
2022-01-20,9.483870968
2022-01-21,9.483870968
2022-01-22,9.483870968
2022-01-23,9.483870968
2022-01-24,9.483870968
2022-01-25,9.483870968
2022-01-26,9.483870968
2022-01-27,9.483870968
2022-01-28,9.483870968
2022-01-29,9.483870968
2022-01-30,9.483870968
2022-01-31,9.483870968
2022-02-01,-0.964285714
2022-02-02,-0.964285714
2022-02-03,-0.964285714
2022-02-04,-0.964285714
2022-02-05,-0.964285714
2022-02-06,-0.964285714
2022-02-07,-0.964285714
2022-02-08,-0.964285714
2022-02-09,-0.964285714
2022-02-10,-0.964285714
2022-02-11,-0.964285714
2022-02-12,-0.964285714
2022-02-13,-0.964285714
2022-02-14,-0.964285714
2022-02-15,-0.964285714
2022-02-16,-0.964285714
2022-02-17,-0.964285714
2022-02-18,-0.964285714
2022-02-19,-0.964285714
2022-02-20,-0.964285714
2022-02-21,-0.964285714
2022-02-22,-0.964285714
2022-02-23,-0.964285714
2022-02-24,-0.964285714
2022-02-25,-0.964285714
2022-02-26,-0.964285714
2022-02-27,-0.964285714
2022-02-28,-0.964285714
2022-03-01,0.0967741935
2022-03-02,0.0967741935
2022-03-03,0.0967741935
2022-03-04,0.0967741935
2022-03-05,0.0967741935
2022-03-06,0.0967741935
2022-03-07,0.0967741935
2022-03-08,0.0967741935
2022-03-09,0.0967741935
2022-03-10,0.0967741935
2022-03-11,0.0967741935
2022-03-12,0.0967741935
2022-03-13,0.0967741935
2022-03-14,0.0967741935
2022-03-15,0.0967741935
2022-03-16,0.0967741935
2022-03-17,0.0967741935
2022-03-18,0.0967741935
2022-03-19,0.0967741935
2022-03-20,0.0967741935
2022-03-21,0.0967741935
2022-03-22,0.0967741935
2022-03-23,0.0967741935
2022-03-24,0.0967741935
2022-03-25,0.0967741935
2022-03-26,0.0967741935
2022-03-27,0.0967741935
2022-03-28,0.0967741935
2022-03-29,0.0967741935
2022-03-30,0.0967741935
2022-03-31,0.0967741935
2022-04-01,0.0333333333
2022-04-02,0.0333333333
2022-04-03,0.0333333333
2022-04-04,0.0333333333
2022-04-05,0.0333333333
2022-04-06,0.0333333333
2022-04-07,0.0333333333
2022-04-08,0.0333333333
2022-04-09,0.0333333333
2022-04-10,0.0333333333
2022-04-11,0.0333333333
2022-04-12,0.0333333333
2022-04-13,0.0333333333
2022-04-14,0.0333333333
2022-04-15,0.0333333333
2022-04-16,0.0333333333
2022-04-17,0.0333333333
2022-04-18,0.0333333333
2022-04-19,0.0333333333
2022-04-20,0.0333333333
2022-04-21,0.0333333333
2022-04-22,0.0333333333
2022-04-23,0.0333333333
2022-04-24,0.0333333333
2022-04-25,0.0333333333
2022-04-26,0.0333333333
2022-04-27,0.0333333333
2022-04-28,0.0333333333
2022-04-29,0.0333333333
2022-04-30,0.0333333333
2022-05-01,0.290322581
2022-05-02,0.290322581
2022-05-03,0.290322581
2022-05-04,0.290322581
2022-05-05,0.290322581
2022-05-06,0.290322581
2022-05-07,0.290322581
2022-05-08,0.290322581
2022-05-09,0.290322581
2022-05-10,0.290322581
2022-05-11,0.290322581
2022-05-12,0.290322581
2022-05-13,0.290322581
2022-05-14,0.290322581
2022-05-15,0.290322581
2022-05-16,0.290322581
2022-05-17,0.290322581
2022-05-18,0.290322581
2022-05-19,0.290322581
2022-05-20,0.290322581
2022-05-21,0.290322581
2022-05-22,0.290322581
2022-05-23,0.290322581
2022-05-24,0.290322581
2022-05-25,0.290322581
2022-05-26,0.290322581
2022-05-27,0.290322581
2022-05-28,0.290322581
2022-05-29,0.290322581
2022-05-30,0.290322581
2022-05-31,0.290322581
2022-06-01,0.733333333
2022-06-02,0.733333333
2022-06-03,0.733333333
2022-06-04,0.733333333
2022-06-05,0.733333333
2022-06-06,0.733333333
2022-06-07,0.733333333
2022-06-08,0.733333333
2022-06-09,0.733333333
2022-06-10,0.733333333
2022-06-11,0.733333333
2022-06-12,0.733333333
2022-06-13,0.733333333
2022-06-14,0.733333333
2022-06-15,0.733333333
2022-06-16,0.733333333
2022-06-17,0.733333333
2022-06-18,0.733333333
2022-06-19,0.733333333
2022-06-20,0.733333333
2022-06-21,0.733333333
2022-06-22,0.733333333
2022-06-23,0.733333333
2022-06-24,0.733333333
2022-06-25,0.733333333
2022-06-26,0.733333333
2022-06-27,0.733333333
2022-06-28,0.733333333
2022-06-29,0.733333333
2022-06-30,0.733333333
2022-07-01,1.967741935
2022-07-02,1.967741935
2022-07-03,1.967741935
2022-07-04,1.967741935
2022-07-05,1.967741935
2022-07-06,1.967741935
2022-07-07,1.967741935
2022-07-08,1.967741935
2022-07-09,1.967741935
2022-07-10,1.967741935
2022-07-11,1.967741935
2022-07-12,1.967741935
2022-07-13,1.967741935
2022-07-14,1.967741935
2022-07-15,1.967741935
2022-07-16,1.967741935
2022-07-17,1.967741935
2022-07-18,1.967741935
2022-07-19,1.967741935
2022-07-20,1.967741935
2022-07-21,1.967741935
2022-07-22,1.967741935
2022-07-23,1.967741935
2022-07-24,1.967741935
2022-07-25,1.967741935
2022-07-26,1.967741935
2022-07-27,1.967741935
2022-07-28,1.967741935
2022-07-29,1.967741935
2022-07-30,1.967741935
2022-07-31,1.967741935
2022-08-01,1.741935484
2022-08-02,1.741935484
2022-08-03,1.741935484
2022-08-04,1.741935484
2022-08-05,1.741935484
2022-08-06,1.741935484
2022-08-07,1.741935484
2022-08-08,1.741935484
2022-08-09,1.741935484
2022-08-10,1.741935484
2022-08-11,1.741935484
2022-08-12,1.741935484
2022-08-13,1.741935484
2022-08-14,1.741935484
2022-08-15,1.741935484
2022-08-16,1.741935484
2022-08-17,1.741935484
2022-08-18,1.741935484
2022-08-19,1.741935484
2022-08-20,1.741935484
2022-08-21,1.741935484
2022-08-22,1.741935484
2022-08-23,1.741935484
2022-08-24,1.741935484
2022-08-25,1.741935484
2022-08-26,1.741935484
2022-08-27,1.741935484
2022-08-28,1.741935484
2022-08-29,1.741935484
2022-08-30,1.741935484
2022-08-31,1.741935484
2022-09-01,1.233333333
2022-09-02,1.233333333
2022-09-03,1.233333333
2022-09-04,1.233333333
2022-09-05,1.233333333
2022-09-06,1.233333333
2022-09-07,1.233333333
2022-09-08,1.233333333
2022-09-09,1.233333333
2022-09-10,1.233333333
2022-09-11,1.233333333
2022-09-12,1.233333333
2022-09-13,1.233333333
2022-09-14,1.233333333
2022-09-15,1.233333333
2022-09-16,1.233333333
2022-09-17,1.233333333
2022-09-18,1.233333333
2022-09-19,1.233333333
2022-09-20,1.233333333
2022-09-21,1.233333333
2022-09-22,1.233333333
2022-09-23,1.233333333
2022-09-24,1.233333333
2022-09-25,1.233333333
2022-09-26,1.233333333
2022-09-27,1.233333333
2022-09-28,1.233333333
2022-09-29,1.233333333
2022-09-30,1.233333333
2022-10-01,3.806451613
2022-10-02,3.806451613
2022-10-03,3.806451613
2022-10-04,3.806451613
2022-10-05,3.806451613
2022-10-06,3.806451613
2022-10-07,3.806451613
2022-10-08,3.806451613
2022-10-09,3.806451613
2022-10-10,3.806451613
2022-10-11,3.806451613
2022-10-12,3.806451613
2022-10-13,3.806451613
2022-10-14,3.806451613
2022-10-15,3.806451613
2022-10-16,3.806451613
2022-10-17,3.806451613
2022-10-18,3.806451613
2022-10-19,3.806451613
2022-10-20,3.806451613
2022-10-21,3.806451613
2022-10-22,3.806451613
2022-10-23,3.806451613
2022-10-24,3.806451613
2022-10-25,3.806451613
2022-10-26,3.806451613
2022-10-27,3.806451613
2022-10-28,3.806451613
2022-10-29,3.806451613
2022-10-30,3.806451613
2022-10-31,3.806451613
2022-11-01,46.86666667
2022-11-02,46.86666667
2022-11-03,46.86666667
2022-11-04,46.86666667
2022-11-05,46.86666667
2022-11-06,46.86666667
2022-11-07,46.86666667
2022-11-08,46.86666667
2022-11-09,46.86666667
2022-11-10,46.86666667
2022-11-11,46.86666667
2022-11-12,46.86666667
2022-11-13,46.86666667
2022-11-14,46.86666667
2022-11-15,46.86666667
2022-11-16,46.86666667
2022-11-17,46.86666667
2022-11-18,46.86666667
2022-11-19,46.86666667
2022-11-20,46.86666667
2022-11-21,46.86666667
2022-11-22,46.86666667
2022-11-23,46.86666667
2022-11-24,46.86666667
2022-11-25,46.86666667
2022-11-26,46.86666667
2022-11-27,46.86666667
2022-11-28,46.86666667
2022-11-29,46.86666667
2022-11-30,46.86666667
2022-12-01,44.32258065
2022-12-02,44.32258065
2022-12-03,44.32258065
2022-12-04,44.32258065
2022-12-05,44.32258065
2022-12-06,44.32258065
2022-12-07,44.32258065
2022-12-08,44.32258065
2022-12-09,44.32258065
2022-12-10,44.32258065
2022-12-11,44.32258065
2022-12-12,44.32258065
2022-12-13,44.32258065
2022-12-14,44.32258065
2022-12-15,44.32258065
2022-12-16,44.32258065
2022-12-17,44.32258065
2022-12-18,44.32258065
2022-12-19,44.32258065
2022-12-20,44.32258065
2022-12-21,44.32258065
2022-12-22,44.32258065
2022-12-23,44.32258065
2022-12-24,44.32258065
2022-12-25,44.32258065
2022-12-26,44.32258065
2022-12-27,44.32258065
2022-12-28,44.32258065
2022-12-29,44.32258065
2022-12-30,44.32258065
2022-12-31,44.32258065
2023-01-01,8.677419355
2023-01-02,8.677419355
2023-01-03,8.677419355
2023-01-04,8.677419355
2023-01-05,8.677419355
2023-01-06,8.677419355
2023-01-07,8.677419355
2023-01-08,8.677419355
2023-01-09,8.677419355
2023-01-10,8.677419355
2023-01-11,8.677419355
2023-01-12,8.677419355
2023-01-13,8.677419355
2023-01-14,8.677419355
2023-01-15,8.677419355
2023-01-16,8.677419355
2023-01-17,8.677419355
2023-01-18,8.677419355
2023-01-19,8.677419355
2023-01-20,8.677419355
2023-01-21,8.677419355
2023-01-22,8.677419355
2023-01-23,8.677419355
2023-01-24,8.677419355
2023-01-25,8.677419355
2023-01-26,8.677419355
2023-01-27,8.677419355
2023-01-28,8.677419355
2023-01-29,8.677419355
2023-01-30,8.677419355
2023-01-31,8.677419355
2023-02-01,-2.064516129
2023-02-02,-2.064516129
2023-02-03,-2.064516129
2023-02-04,-2.064516129
2023-02-05,-2.064516129
2023-02-06,-2.064516129
2023-02-07,-2.064516129
2023-02-08,-2.064516129
2023-02-09,-2.064516129
2023-02-10,-2.064516129
2023-02-11,-2.064516129
2023-02-12,-2.064516129
2023-02-13,-2.064516129
2023-02-14,-2.064516129
2023-02-15,-2.064516129
2023-02-16,-2.064516129
2023-02-17,-2.064516129
2023-02-18,-2.064516129
2023-02-19,-2.064516129
2023-02-20,-2.064516129
2023-02-21,-2.064516129
2023-02-22,-2.064516129
2023-02-23,-2.064516129
2023-02-24,-2.064516129
2023-02-25,-2.064516129
2023-02-26,-2.064516129
2023-02-27,-2.064516129
2023-02-28,-2.064516129
2023-03-01,-2.064516129
2023-03-02,-2.064516129
2023-03-03,-2.064516129
